MOM1617,MOM819,MOM1819,MOMF,finalvaluebo,finalvalueba,bowlerf,batsmanf,player,bowlF,batF
0.2,0.5238095238095237,0.4,0.4347826086956522,0.698581683651407,0.15711576973596378,0.6985816836514069,0.15711576973596378,A Mishra,0.6722017761558315,0.18488245363193262
0.2,0.2857142857142857,0.0,0.18115942028985507,0.3782254460852846,0.06944377344775701,0.3782254460852846,0.06944377344775701,A Nehra,0.35851884350574165,0.08061533813196682
0.2,0.047619047619047616,0.0,0.07246376811594203,0.2590032484921128,0.05370588164260163,0.2590032484921128,0.05370588164260163,A Zampa,0.24034930045449573,0.05558167028993567
0.4,0.09523809523809523,0.0,0.14492753623188406,0.34216138378960304,0.07436539322985805,0.34216138378960304,0.07436539322985805,AB Dinda,0.32243799903383114,0.08142160753006067
0.8,0.9523809523809523,1.0,1.0,0.0,0.870181878475931,0.0,0.8701818784759309,AB de Villiers,0.1,0.8831636906283379
0.6000000000000001,0.5238095238095237,1.0,0.7536231884057971,0.7262693139418022,0.6818333566881374,0.7262693139418022,0.6818333566881373,AD Russell,0.7290047013882017,0.6890123398599034
0.6000000000000001,0.23809523809523808,0.0,0.2608695652173913,0.04247012567068023,0.473423322959226,0.04247012567068023,0.473423322959226,AJ Finch,0.06431006962535135,0.45216794718504255
0.4,0.09523809523809523,0.0,0.14492753623188406,0.7093656550695205,0.2394769206028156,0.7093656550695205,0.2394769206028156,AJ Tye,0.6529218431857569,0.23002198216572248
0.4,0.5714285714285714,0.0,0.36231884057971014,0.024220270513283983,0.7237596619457985,0.024220270513283983,0.7237596619457985,AM Rahane,0.0580301275199266,0.6876155798091897
0.4,0.19047619047619047,0.0,0.18840579710144928,0.6189170379087902,0.3117078581939666,0.6189170379087902,0.31170785819396657,AR Patel,0.5758659138280561,0.2993776520847149
0.2,0.42857142857142855,0.4,0.391304347826087,0.0,0.6454202038435906,0.0,0.6454202038435906,AT Rayudu,0.0391304347826087,0.6200086182418402
0.6000000000000001,0.23809523809523808,0.0,0.2608695652173913,0.9960178106334534,0.17412939981958755,0.9960178106334534,0.17412939981958755,B Kumar,0.9225029860918472,0.18280341635936792
0.6000000000000001,0.14285714285714285,0.0,0.2173913043478261,0.5965710114779773,0.4071348877215498,0.5965710114779773,0.4071348877215498,BA Stokes,0.5586530407649621,0.38816052938417744
0.2,0.047619047619047616,0.0,0.07246376811594203,0.4217890561296973,0.3362657337070189,0.4217890561296973,0.3362657337070189,BCJ Cutting,0.38685652732832176,0.30988553714791117
0.2,0.19047619047619047,0.4,0.2826086956521739,0.0,0.7038920685893465,0.0,0.7038920685893465,CA Lynn,0.02826086956521739,0.6617637312956292
0.2,1.0,0.6000000000000001,0.7246376811594203,0.17488437502053808,0.7540562141350101,0.17488437502053808,0.7540562141350102,CH Gayle,0.22985970563442631,0.7511143608374511
0.4,0.09523809523809523,0.0,0.14492753623188406,0.7540205779112561,0.34365322878185983,0.7540205779112561,0.34365322878185983,CH Morris,0.6931112737433188,0.32378065952686225
0.2,0.14285714285714285,0.0,0.11594202898550726,0.5899505714842731,0.2189814723126388,0.5899505714842729,0.2189814723126388,CJ Anderson,0.5425497172343965,0.20867752797992564
0.2,0.047619047619047616,0.0,0.07246376811594203,0.4701035371988874,0.314568847555493,0.4701035371988874,0.3145688475554929,CR Brathwaite,0.4303395602905929,0.2903583396115379
0.8,0.8095238095238095,0.4,0.7173913043478262,0.0,1.0,0.0,1.0,DA Warner,0.07173913043478262,0.9717391304347827
0.6000000000000001,0.5238095238095237,0.0,0.391304347826087,0.2770445022962378,0.32970358379872755,0.2770445022962378,0.32970358379872755,DR Smith,0.2884704868492227,0.3358636602014635
0.4,0.6190476190476191,0.0,0.38405797101449274,0.0,0.532857418363768,0.0,0.532857418363768,G Gambhir,0.03840579710144928,0.5179774736288405
0.2,0.23809523809523808,0.0,0.15942028985507248,0.35792579558704846,0.4388668922028538,0.3579257955870484,0.4388668922028538,GJ Maxwell,0.33807524501385083,0.41092223196807565
0.4,0.09523809523809523,0.0,0.14492753623188406,0.0,0.3153672158639053,0.0,0.3153672158639053,HM Amla,0.014492753623188408,0.2983232479007032
0.2,0.09523809523809523,0.2,0.16666666666666666,0.5740424313326553,0.19693923844781103,0.5740424313326553,0.19693923844781105,HV Patel,0.5333048548660565,0.19391198126969658
0.2,0.23809523809523808,0.8,0.44927536231884063,0.0,0.697779958408612,0.0,0.6977799584086118,JC Buttler,0.044927536231884065,0.6729294987996348
0.4,0.23809523809523808,0.2,0.2826086956521739,0.8054686054363244,0.13963925789912696,0.8054686054363244,0.13963925789912693,JD Unadkat,0.7531826144579092,0.15393620167443167
0.2,0.23809523809523808,0.8,0.44927536231884063,0.9999999999999999,0.15328607660301977,1.0,0.15328607660301974,JJ Bumrah,0.944927536231884,0.18288500517460185
0.2,0.47619047619047616,0.2,0.34057971014492755,0.3304978745570874,0.5283540677271754,0.3304978745570874,0.5283540677271754,KA Pollard,0.3315060581158714,0.5095766319689506
0.8,0.19047619047619047,0.0,0.2898550724637681,0.6070321268323279,0.4867591646440291,0.6070321268323279,0.4867591646440291,KH Pandya,0.575314421395472,0.467068755426003
0.4,0.14285714285714285,0.0,0.16666666666666666,0.0,0.5116493696945463,0.0,0.5116493696945463,KK Nair,0.016666666666666666,0.47715109939175837
0.2,0.09523809523809523,0.0,0.09420289855072464,0.0,0.3455811158139416,0.0,0.3455811158139416,KM Jadhav,0.009420289855072464,0.3204432940876199
0.2,0.14285714285714285,0.4,0.2608695652173913,0.11409332480595744,0.6797359314758671,0.11409332480595745,0.6797359314758671,KS Williamson,0.12877094884710083,0.6378492948500195
0.2,0.047619047619047616,0.0,0.07246376811594203,0.4682673922062693,0.12307259223190929,0.4682673922062693,0.12307259223190928,KV Sharma,0.42868702979723655,0.11801170982031257
0.2,0.047619047619047616,0.0,0.07246376811594203,0.20003390787290407,0.07466532495513212,0.20003390787290407,0.07466532495513213,LH Ferguson,0.18727689389720786,0.07444516927121311
0.2,0.14285714285714285,0.0,0.11594202898550726,0.055138100603785385,0.21428195731207964,0.05513810060378538,0.21428195731207966,LMP Simmons,0.061218493441957574,0.2044479644794224
0.2,0.14285714285714285,0.0,0.11594202898550726,0.0,0.3625451856377918,0.0,0.3625451856377918,M Vohra,0.011594202898550727,0.3378848699725634
0.2,0.09523809523809523,0.0,0.09420289855072464,0.2887520512260171,0.23120589687281726,0.2887520512260171,0.2312058968728173,MC Henriques,0.26929713595848787,0.21750559704060798
0.2,0.09523809523809523,0.0,0.09420289855072464,0.8325471814262323,0.17939391354297657,0.8325471814262323,0.17939391354297654,MJ McClenaghan,0.7587127531386816,0.17087481204375138
0.2,0.09523809523809523,0.0,0.09420289855072464,0.7275430702256498,0.15049539379202106,0.7275430702256498,0.15049539379202104,MM Sharma,0.6642090530581574,0.1448661442678914
0.4,0.09523809523809523,0.0,0.14492753623188406,0.47195183025167897,0.3777861623908677,0.471951830251679,0.3777861623908677,MP Stoinis,0.4392494008496995,0.3545002997749694
0.4,0.8095238095238095,0.8,0.7608695652173914,0.0,0.707662432580009,0.0,0.707662432580009,MS Dhoni,0.07608695652173914,0.7129831458437473
0.2,0.047619047619047616,0.0,0.07246376811594203,0.7650123090770848,0.16775101316705798,0.7650123090770847,0.167751013167058,Mohammed Shami,0.6957574549809706,0.1582222886619464
0.2,0.047619047619047616,0.0,0.07246376811594203,0.6650011404074478,0.08970835782091842,0.6650011404074478,0.08970835782091842,Mohammed Siraj,0.6057474031782973,0.08798389885042078
0.2,0.047619047619047616,0.0,0.07246376811594203,0.5063240208777718,0.027683352067040527,0.5063240208777718,0.027683352067040527,Mustafizur Rahman,0.4629379956015888,0.032161393671930674
0.4,0.19047619047619047,0.4,0.3333333333333333,0.21994768935231535,0.5722399521443863,0.21994768935231532,0.5722399521443863,N Rana,0.23128625375041714,0.5483492902632809
0.6000000000000001,0.19047619047619047,0.0,0.2391304347826087,0.3049100326799268,0.08242606356335361,0.30491003267992683,0.08242606356335361,NM Coulter-Nile,0.29833207289019503,0.09809650068527911
0.2,0.09523809523809523,0.0,0.09420289855072464,0.37307647988562026,0.08820979796517382,0.37307647988562026,0.08820979796517382,P Kumar,0.34518912175213073,0.0888091080237289
0.2,0.23809523809523808,0.2,0.23188405797101452,0.0,0.5991482121168604,0.0,0.5991482121168604,PA Patel,0.023188405797101453,0.5624217967022759
0.2,0.047619047619047616,0.0,0.07246376811594203,0.0,0.6536936725380936,0.0,0.6536936725380936,Q de Kock,0.007246376811594204,0.5955706820958785
0.2,0.047619047619047616,0.0,0.07246376811594203,0.23809383614889526,0.4719332280681536,0.2380938361488953,0.4719332280681535,RA Tripathi,0.22153082934559995,0.4319862820729324
1.0,0.8095238095238095,0.6000000000000001,0.8405797101449275,0.0528049944461428,0.6931400430086114,0.0528049944461428,0.6931400430086114,RG Sharma,0.13158246601602128,0.7078840097222431
0.4,0.2857142857142857,0.8,0.5217391304347826,0.0,0.8266619414516259,0.0,0.8266619414516259,RR Pant,0.052173913043478265,0.7961696603499416
0.6000000000000001,0.3333333333333333,0.0,0.30434782608695654,0.0,0.6998856743323757,0.0,0.6998856743323757,RV Uthappa,0.030434782608695657,0.6603318895078338
0.4,0.3333333333333333,1.0,0.6159420289855073,0.7574790385873924,0.2391603781865243,0.7574790385873924,0.2391603781865243,Rashid Khan,0.743325337627204,0.2768385432664226
0.2,0.2857142857142857,0.8,0.4710144927536232,0.04725381122592244,0.8428496244770834,0.04725381122592243,0.8428496244770834,S Dhawan,0.08962987937869252,0.8056661113047374
0.2,0.047619047619047616,0.0,0.07246376811594203,0.03824661426314091,0.18605304632062492,0.03824661426314092,0.1860530463206249,SA Yadav,0.04166832964842103,0.17469411850015665
0.4,0.6666666666666666,0.0,0.40579710144927533,0.22577348623113785,0.7664096939054033,0.22577348623113785,0.7664096939054033,SK Raina,0.2437758477529516,0.7303484346597905
0.4,0.42857142857142855,0.6000000000000001,0.5144927536231884,0.804641951518964,0.5083315517775082,0.8046419515189642,0.5083315517775082,SP Narine,0.7756270317293864,0.5089476719620762
0.2,0.23809523809523808,0.2,0.23188405797101452,0.02369218185922288,0.5820859418194058,0.02369218185922288,0.5820859418194058,SPD Smith,0.044511369470402046,0.5470657534345666
0.2,0.7142857142857142,1.0,0.7391304347826086,0.6596922408503461,0.6362868523521547,0.6596922408503461,0.6362868523521547,SR Watson,0.6676360602435724,0.6465712105952001
0.2,0.19047619047619047,0.4,0.2826086956521739,0.0,0.6284851124859281,0.0,0.6284851124859281,SS Iyer,0.02826086956521739,0.5938974708025526
0.4,0.23809523809523808,0.4,0.35507246376811596,0.0,0.658270720616188,0.0,0.658270720616188,SV Samson,0.035507246376811595,0.6279508949313808
0.4,0.23809523809523808,0.0,0.21014492753623187,0.7040195295218318,0.06970535145223847,0.7040195295218318,0.06970535145223848,Sandeep Sharma,0.6546320693232718,0.08374930906063781
1.0,0.5714285714285714,0.2,0.5869565217391304,0.33130702435565307,0.9548826336821605,0.3313070243556531,0.9548826336821604,V Kohli,0.3568719740940008,0.9180900224878575
0.2,0.14285714285714285,0.0,0.11594202898550726,0.0,0.40295687454425894,0.0,0.4029568745442589,WP Saha,0.011594202898550727,0.37425538998838376
0.2,0.047619047619047616,0.0,0.07246376811594203,0.41334412679513977,0.2046361770866707,0.41334412679513977,0.2046361770866707,Washington Sundar,0.37925609092721996,0.19141893618959785
0.4,0.7619047619047619,0.0,0.44927536231884063,0.2740488163631264,0.46370838481796617,0.2740488163631264,0.4637083848179662,YK Pathan,0.29157147095869784,0.4622650825680536
0.2,0.23809523809523808,0.0,0.15942028985507248,0.42011126704268675,0.4304310419034939,0.4201112670426868,0.4304310419034939,Yuvraj Singh,0.39404216932392533,0.40332996669865173
0.0,0.047619047619047616,0.0,0.021739130434782608,0.03805734664296806,0.013806528923512753,0.03805734664296806,0.01380652892351275,A Chandila,0.03642552502214952,0.014599789074639737
0.0,0.047619047619047616,0.2,0.09420289855072464,0.2986632427840269,0.14221777865776988,0.2986632427840269,0.14221777865776988,A Joseph,0.2782172083606967,0.13741629064706534
0.0,0.14285714285714285,0.0,0.06521739130434782,0.06960569399719282,0.017343784979360836,0.06960569399719282,0.017343784979360836,A Kumble,0.06916686372790833,0.022131145611859537
0.0,0.047619047619047616,0.0,0.021739130434782608,0.36478985389622215,0.004515470175508887,0.36478985389622215,0.004515470175508887,A Singh,0.3304847815500782,0.006237836201436258
0.0,0.14285714285714285,0.0,0.06521739130434782,0.0573457294376816,0.07093181415672499,0.0573457294376816,0.07093181415672499,A Symonds,0.058132895624348216,0.07036037187148728
0.0,0.047619047619047616,0.0,0.021739130434782608,0.04505270010038971,0.03893498942361798,0.04505270010038971,0.038934989423617984,AA Jhunjhunwala,0.042721343133829005,0.037215403524734444
0.0,0.3333333333333333,0.0,0.15217391304347827,0.0,0.09052780656342728,0.0,0.09052780656342728,AC Gilchrist,0.015217391304347828,0.09669241721143237
0.0,0.047619047619047616,0.0,0.021739130434782608,0.0440426800159253,0.056167619303102635,0.04404268001592531,0.056167619303102635,AC Voges,0.04181232505781104,0.05272477041627063
0.0,0.047619047619047616,0.0,0.021739130434782608,0.04773578734334642,0.028684818417022778,0.047735787343346416,0.028684818417022775,AD Mascarenhas,0.04513612165249004,0.027990249618798764
0.0,0.047619047619047616,0.0,0.021739130434782608,0.24307859308162932,0.15672093249396093,0.2430785930816293,0.15672093249396093,AD Mathews,0.22094464681694465,0.1432227522880431
0.0,0.047619047619047616,0.0,0.021739130434782608,0.0,0.09012549377876587,0.0,0.09012549377876587,AP Tare,0.002173913043478261,0.08328685744436755
0.0,0.09523809523809523,0.4,0.18840579710144928,0.589548910923522,0.10130475766569814,0.589548910923522,0.10130475766569813,AS Rajpoot,0.5494345995413148,0.11001486160927326
0.0,0.09523809523809523,0.4,0.18840579710144928,0.0,0.48068104589261795,0.0,0.480681045892618,AS Yadav,0.01884057971014493,0.45145352101350106
0.0,0.09523809523809523,0.0,0.043478260869565216,0.06554379405111506,0.05173531328629376,0.06554379405111506,0.051735313286293765,Azhar Mahmood,0.06333724073296007,0.050909608044620906
0.0,0.09523809523809523,0.0,0.043478260869565216,0.07260468825940172,0.032965300457791016,0.07260468825940172,0.032965300457791016,B Lee,0.06969204552041808,0.03401659649896844
0.0,0.047619047619047616,0.2,0.09420289855072464,0.362218338014563,0.19798484532301439,0.36221833801456305,0.1979848453230144,B Stanlake,0.3354167940681792,0.1876066506457854
0.0,0.047619047619047616,0.0,0.021739130434782608,0.051828452813593294,0.020754237566301306,0.0518284528135933,0.020754237566301303,BA Bhatt,0.048819520575712226,0.02085272685314944
0.0,0.23809523809523808,0.0,0.10869565217391305,0.0,0.5330529012975364,0.0,0.5330529012975365,BB McCullum,0.010869565217391306,0.49061717638517405
0.0,0.2857142857142857,0.0,0.13043478260869565,0.052514050660617755,0.07182945894534411,0.05251405066061776,0.07182945894534411,BJ Hodge,0.060306123855425546,0.07768999131167925
0.0,0.09523809523809523,0.0,0.043478260869565216,0.06182237217621134,0.0,0.06182237217621134,0.0,BW Hilfenhaus,0.05998796104554673,0.004347826086956522
0.0,0.047619047619047616,0.0,0.021739130434782608,0.06879701532750232,0.06566169181159004,0.0687970153275023,0.06566169181159004,CL White,0.06409122683823035,0.0612694356739093
0.0,0.047619047619047616,0.0,0.021739130434782608,0.06742877855260827,0.029288396874876835,0.06742877855260826,0.029288396874876832,CRD Fernando,0.0628598137408257,0.028533470230867414
0.0,0.14285714285714285,0.0,0.06521739130434782,0.0,0.3986363946240136,0.0,0.3986363946240136,DA Miller,0.006521739130434783,0.3652944942920471
0.0,0.09523809523809523,0.0,0.043478260869565216,0.07211573841320801,0.024433700475837466,0.07211573841320801,0.024433700475837462,DE Bollinger,0.06925199065884373,0.02633815651521024
0.0,0.14285714285714285,0.2,0.13768115942028986,0.9063157693130061,0.29607038540618846,0.906315769313006,0.2960703854061885,DJ Bravo,0.8294523083237344,0.2802314628075986
0.0,0.047619047619047616,0.0,0.021739130434782608,0.3442837325516243,0.2619556134227869,0.3442837325516243,0.2619556134227869,DJ Hooda,0.31202927233994016,0.23793396512398646
0.0,0.09523809523809523,0.0,0.043478260869565216,0.052895522051017295,0.06925016705541116,0.052895522051017295,0.06925016705541116,DJ Hussey,0.05195379593287209,0.06667297643682657
0.0,0.047619047619047616,0.0,0.021739130434782608,0.05730556899940338,0.04321863146312357,0.057305568999403374,0.04321863146312357,DJG Sammy,0.05374892514294131,0.04107068136028948
0.0,0.047619047619047616,0.2,0.09420289855072464,0.7026132451535562,0.3153399155669367,0.702613245153556,0.3153399155669367,DL Chahar,0.641772210493273,0.2932262138653155
0.0,0.047619047619047616,0.0,0.021739130434782608,0.057597873823901066,0.03005868237301892,0.05759787382390106,0.030058682373018918,DL Vettori,0.05401199948498922,0.02922672717919529
0.0,0.047619047619047616,0.0,0.021739130434782608,0.07247313541600121,0.008451877255779212,0.07247313541600121,0.008451877255779212,DP Nannes,0.06739973491787936,0.009780602573679551
0.0,0.23809523809523808,0.0,0.10869565217391305,0.0,0.07848491695922773,0.0,0.07848491695922773,DPMD Jayawardene,0.010869565217391306,0.08150599048069626
0.0,0.23809523809523808,0.0,0.10869565217391305,0.4513762578291115,0.055820637729126946,0.4513762578291115,0.05582063772912695,DW Steyn,0.41710819726359166,0.06110813917360556
0.0,0.047619047619047616,0.0,0.021739130434782608,0.0,0.18055873926681723,0.0,0.18055873926681726,EJG Morgan,0.002173913043478261,0.16467677838361375
0.0,0.19047619047619047,0.4,0.23188405797101452,0.07712231559254817,0.554388291506717,0.07712231559254816,0.5543882915067171,F du Plessis,0.09259848983039481,0.5221378681531468
0.0,0.09523809523809523,0.0,0.043478260869565216,0.0,0.06112150017775451,0.0,0.061121500177754515,GC Smith,0.004347826086956522,0.05935717624693558
0.0,0.047619047619047616,0.0,0.021739130434782608,0.04597366022941587,0.01847913319000237,0.04597366022941587,0.01847913319000237,GD McGrath,0.043550207249952545,0.018805132914480396
0.0,0.09523809523809523,0.0,0.043478260869565216,0.03388587390939372,0.035589434086163434,0.03388587390939372,0.03558943408616344,GH Vihari,0.03484511260541087,0.036378316764503614
0.0,0.047619047619047616,0.0,0.021739130434782608,0.0,0.1529178396642684,0.0,0.1529178396642684,GJ Bailey,0.002173913043478261,0.1397999687413198
0.0,0.047619047619047616,0.2,0.09420289855072464,0.28301265946801396,0.01823135099665447,0.283012659468014,0.018231350996654468,H Gurney,0.26413168337628506,0.02582850575206149
0.0,0.047619047619047616,0.0,0.021739130434782608,0.0,0.06253042953717446,0.0,0.06253042953717446,HH Gibbs,0.002173913043478261,0.05845129962693527
0.0,0.2857142857142857,0.8,0.42028985507246375,0.7858242330671736,0.5092345046485653,0.7858242330671736,0.5092345046485655,HH Pandya,0.7492707952677027,0.5003400396909552
0.0,0.38095238095238093,0.4,0.31884057971014496,0.6999958374040239,0.20291843193537518,0.6999958374040239,0.2029184319353752,Harbhajan Singh,0.661880311634636,0.21451064671285214
0.0,0.09523809523809523,0.0,0.043478260869565216,0.06616908335900984,0.03553774945521356,0.06616908335900984,0.03553774945521356,Harmeet Singh,0.06390000111006537,0.03633180059664873
0.0,0.09523809523809523,0.0,0.043478260869565216,0.5976376842776893,0.2590259347048896,0.5976376842776893,0.2590259347048896,I Sharma,0.5422217419368769,0.23747116732135717
0.0,0.09523809523809523,0.0,0.043478260869565216,0.2440959777998967,0.10091624909317887,0.2440959777998967,0.10091624909317888,IK Pathan,0.22403420610686356,0.09517245027081751
0.0,0.047619047619047616,0.2,0.09420289855072464,0.7465739655560382,0.10958340300750473,0.7465739655560382,0.10958340300750473,Imran Tahir,0.6813368588555069,0.10804535256182672
0.0,0.09523809523809523,0.0,0.043478260869565216,0.2594422859153445,0.13308606021400698,0.2594422859153445,0.13308606021400698,Iqbal Abdulla,0.2378458834107666,0.12412528027956281
0.0,0.047619047619047616,0.2,0.09420289855072464,0.0,0.44807645994787176,0.0,0.44807645994787176,Ishan Kishan,0.009420289855072464,0.4126891038081571
0.0,0.047619047619047616,0.2,0.09420289855072464,0.48449319451307526,0.13859626495710153,0.4844931945130753,0.13859626495710153,J Archer,0.4454641649168402,0.13415692831646384
0.0,0.09523809523809523,0.4,0.18840579710144928,0.0,0.4250486598613511,0.0,0.4250486598613511,J Bairstow,0.01884057971014493,0.4013843735853609
0.0,0.047619047619047616,0.0,0.021739130434782608,0.055784137031404044,0.04405033822569051,0.05578413703140405,0.04405033822569051,J Botha,0.0523796363717419,0.04181921744659972
0.0,0.047619047619047616,0.0,0.021739130434782608,0.0575534170477777,0.018426783388871045,0.0575534170477777,0.018426783388871045,J Theron,0.053971988386478195,0.018758018093462205
0.0,0.09523809523809523,0.0,0.043478260869565216,0.3912666508454043,0.18693032990988437,0.3912666508454043,0.1869303299098844,JA Morkel,0.35648781184782036,0.17258512300585246
0.0,0.047619047619047616,0.0,0.021739130434782608,0.046743623128368064,0.0591435585813929,0.046743623128368064,0.0591435585813929,JD Ryder,0.04424317385900952,0.05540311576673187
0.0,0.047619047619047616,0.0,0.021739130434782608,0.05671448611626988,0.031434952404980045,0.05671448611626988,0.031434952404980045,JDP Oram,0.05321695054812115,0.030465370207960304
0.0,0.047619047619047616,0.0,0.021739130434782608,0.053260833337967835,0.048002845974455643,0.053260833337967835,0.04800284597445564,JEC Franklin,0.05010866304764931,0.045376474420488346
0.0,0.47619047619047616,0.0,0.2173913043478261,0.09865463946856977,0.08980068219550291,0.09865463946856977,0.08980068219550291,JH Kallis,0.1105283059564954,0.10255974441073523
0.0,0.047619047619047616,0.2,0.09420289855072464,0.0,0.3476781239567845,0.0,0.3476781239567845,JJ Roy,0.009420289855072464,0.32233060141617853
0.0,0.19047619047619047,0.0,0.08695652173913043,0.38714405571107036,0.36350586210998564,0.3871440557110704,0.3635058621099856,JP Duminy,0.3571253023138764,0.3358509280729001
0.0,0.23809523809523808,0.0,0.10869565217391305,0.33332238770867495,0.14249665013846816,0.3333223877086749,0.14249665013846816,JP Faulkner,0.31085971415519875,0.13911655034201265
0.0,0.047619047619047616,0.2,0.09420289855072464,0.41424866508245295,0.0,0.4142486650824529,0.0,K Ahmed,0.38224408842928015,0.009420289855072464
0.0,0.047619047619047616,0.2,0.09420289855072464,0.3565762290493934,0.08002627575331898,0.3565762290493934,0.08002627575331897,K Paul,0.33033889599952654,0.08144393803305956
0.0,0.047619047619047616,0.2,0.09420289855072464,0.6809786735439084,0.18544141034701606,0.6809786735439084,0.18544141034701608,K Rabada,0.62230109604459,0.17631755916738692
0.0,0.23809523809523808,0.0,0.10869565217391305,0.0,0.07843982928803632,0.0,0.07843982928803632,KC Sangakkara,0.010869565217391306,0.081465411576624
0.0,0.19047619047619047,0.0,0.08695652173913043,0.0,0.6831477488202058,0.0,0.6831477488202058,KD Karthik,0.008695652173913044,0.6235286261120982
0.0,0.047619047619047616,0.0,0.021739130434782608,0.07021063730457314,0.04579063981409468,0.07021063730457314,0.04579063981409468,KK Cooper,0.06536348661759409,0.043385488876163475
0.0,0.19047619047619047,0.8,0.37681159420289856,0.0,0.8439265936724167,0.0,0.8439265936724167,KL Rahul,0.03768115942028986,0.797215093725465
0.0,0.047619047619047616,0.0,0.021739130434782608,0.042566997555718925,0.03935317523654097,0.042566997555718925,0.03935317523654097,KMDN Kulasekara,0.040484210843625294,0.03759177075636514
0.0,0.14285714285714285,0.0,0.06521739130434782,0.04633269745866329,0.1885408945868757,0.04633269745866328,0.1885408945868757,KP Pietersen,0.048221166843231744,0.1762085442586229
0.0,0.047619047619047616,0.2,0.09420289855072464,0.6497546641601702,0.1499686800914134,0.6497546641601702,0.1499686800914134,Kuldeep Yadav,0.5941994875992257,0.14439210193734453
0.0,0.14285714285714285,0.0,0.06521739130434782,0.10626782950281388,0.0179276129369809,0.10626782950281387,0.0179276129369809,L Balaji,0.10216278568296729,0.022656590773717594
0.0,0.047619047619047616,0.2,0.09420289855072464,0.25377865568101665,0.0,0.25377865568101665,0.0,L Ngidi,0.23782107996798746,0.009420289855072464
0.0,0.047619047619047616,0.0,0.021739130434782608,0.055819011207931445,0.05919617314979548,0.05581901120793145,0.05919617314979547,LJ Wright,0.05241102313061656,0.0554504688782942
0.0,0.047619047619047616,0.0,0.021739130434782608,0.0585579663769345,0.04131168231899231,0.0585579663769345,0.041311682318992314,LR Shukla,0.05487608278271931,0.03935442713057134
0.0,0.14285714285714285,0.0,0.06521739130434782,0.06402224142815989,0.05942471716893425,0.06402224142815989,0.05942471716893424,LRPL Taylor,0.06414175641577868,0.060003984582475606
0.0,0.047619047619047616,0.0,0.021739130434782608,0.06819508818122241,0.030610345578686842,0.06819508818122241,0.03061034557868685,M Kartik,0.06354949240657844,0.029723224064296422
0.0,0.09523809523809523,0.0,0.043478260869565216,0.29573063726209925,0.08871308260777888,0.2957306372620992,0.08871308260777888,M Morkel,0.2705053996228458,0.08418960043395753
0.0,0.09523809523809523,0.0,0.043478260869565216,0.08339142984720653,0.01609438996038063,0.08339142984720653,0.01609438996038063,M Muralitharan,0.07940011294944241,0.01883277705129909
0.0,0.09523809523809523,0.0,0.043478260869565216,0.046187556781842116,0.017854834050920393,0.046187556781842116,0.01785483405092039,M Ntini,0.04591662719061443,0.020417176732784877
0.0,0.047619047619047616,0.2,0.09420289855072464,0.37246045547388396,0.09096083099655215,0.372460455473884,0.09096083099655217,M Ur Rahman,0.3446346997815681,0.0912850377519694
0.0,0.2857142857142857,0.0,0.13043478260869565,0.19164902023212413,0.44881127909767926,0.19164902023212416,0.4488112790976793,M Vijay,0.1855275964697813,0.4169736294487809
0.0,0.09523809523809523,0.2,0.11594202898550726,0.0,0.36688006813879226,0.0,0.36688006813879226,MA Agarwal,0.011594202898550727,0.34178626422346375
0.0,0.047619047619047616,0.0,0.021739130434782608,0.0715232521448299,0.03018428517519648,0.07152325214482988,0.03018428517519648,MA Starc,0.06654483997382517,0.029339769701155094
0.0,0.047619047619047616,0.0,0.021739130434782608,0.0,0.04092100154374766,0.0,0.04092100154374766,MD Mishra,0.002173913043478261,0.03900281443285116
0.0,0.5714285714285714,0.0,0.2608695652173913,0.0,0.09529237612913351,0.0,0.09529237612913352,MEK Hussey,0.026086956521739132,0.11185009503795929
0.0,0.047619047619047616,0.0,0.021739130434782608,0.06752807119739566,0.04476695916485433,0.06752807119739566,0.044766959164854334,MF Maharoof,0.06294917712113436,0.04246417629184716
0.0,0.09523809523809523,0.0,0.043478260869565216,0.5142524414548932,0.19036365613975845,0.5142524414548932,0.19036365613975845,MG Johnson,0.4671750233963604,0.17567511661273913
0.0,0.047619047619047616,0.0,0.021739130434782608,0.0,0.059145895010286526,0.0,0.059145895010286526,MJ Lumb,0.002173913043478261,0.055405218552736134
0.0,0.19047619047619047,0.0,0.08695652173913043,0.0,0.6057847342573447,0.0,0.6057847342573447,MK Pandey,0.008695652173913044,0.5539019130055233
0.0,0.14285714285714285,0.0,0.06521739130434782,0.41881396325248615,0.35331812387635164,0.41881396325248615,0.35331812387635164,MK Tiwary,0.38345430605767233,0.3245080506191513
0.0,0.19047619047619047,0.0,0.08695652173913043,0.0,0.08475403074430943,0.0,0.08475403074430943,ML Hayden,0.008695652173913044,0.08497427984379154
0.0,0.09523809523809523,0.0,0.043478260869565216,0.21277369931694004,0.023190782498992858,0.21277369931694004,0.023190782498992858,MM Patel,0.19584415547220257,0.025219530336050094
0.0,0.047619047619047616,0.0,0.021739130434782608,0.21484132626859767,0.09981197133536841,0.21484132626859767,0.0998119713353684,MN Samuels,0.19553110668521614,0.09200468724530983
0.0,0.047619047619047616,0.0,0.021739130434782608,0.12502033427017153,0.09307782961037489,0.12502033427017153,0.09307782961037488,MR Marsh,0.11469221388663264,0.08594395969281567
0.0,0.047619047619047616,0.0,0.021739130434782608,0.0,0.055500271363418015,0.0,0.05550027136341802,MS Bisla,0.002173913043478261,0.05212415727055448
0.0,0.047619047619047616,0.0,0.021739130434782608,0.413371186062932,0.035111352198378104,0.413371186062932,0.035111352198378104,MS Gony,0.37420798050011705,0.03377413002201856
0.0,0.09523809523809523,0.0,0.043478260869565216,0.0,0.049931326226145094,0.0,0.04993132622614509,MV Boucher,0.004347826086956522,0.04928601969048711
0.0,0.14285714285714285,0.0,0.06521739130434782,0.3061488841447185,0.40137259201619313,0.3061488841447185,0.4013725920161931,Mandeep Singh,0.2820557348606815,0.3677570719450086
0.0,0.047619047619047616,0.0,0.021739130434782608,0.0,0.19757561322376427,0.0,0.19757561322376427,NV Ojha,0.002173913043478261,0.1799919649448661
0.0,0.09523809523809523,0.0,0.043478260869565216,0.4543876759342501,0.20050238844468696,0.4543876759342501,0.20050238844468696,P Negi,0.4132967344277816,0.1847999756871748
0.0,0.047619047619047616,0.0,0.021739130434782608,0.050651771421535444,0.00732354754582799,0.05065177142153544,0.007323547545827991,P Parameswaran,0.04776050732286016,0.008765105834723452
0.0,0.047619047619047616,0.2,0.09420289855072464,0.0,0.3470727247835651,0.0,0.3470727247835651,P Shaw,0.009420289855072464,0.3217857421602811
0.0,0.09523809523809523,0.0,0.043478260869565216,0.04566575261245563,0.05567668482065007,0.045665752612455625,0.055676684820650066,PC Valthaty,0.04544700343816659,0.05445684242554159
0.0,0.047619047619047616,0.0,0.021739130434782608,0.03629135920883699,0.061283138428849665,0.036291359208836985,0.06128313842884967,PD Collingwood,0.03483613633143155,0.05732873762944296
0.0,0.14285714285714285,0.0,0.06521739130434782,0.732298453575539,0.179708120207875,0.732298453575539,0.179708120207875,PP Chawla,0.6655903473484199,0.16825904731752228
0.0,0.047619047619047616,0.0,0.021739130434782608,0.10677660166019878,0.008243310157606392,0.10677660166019877,0.008243310157606392,PP Ojha,0.09827285453765718,0.009592892185324014
0.0,0.09523809523809523,0.0,0.043478260869565216,0.21033753041953224,0.04896044456099625,0.21033753041953224,0.04896044456099625,PV Tambe,0.19365160346453555,0.04841222619185315
0.0,0.09523809523809523,0.2,0.11594202898550726,0.7054843734643657,0.2456903529093528,0.7054843734643657,0.2456903529093528,R Ashwin,0.6465301390164798,0.23271552051696826
0.0,0.047619047619047616,0.0,0.021739130434782608,0.23408766474791842,0.12751782401346035,0.2340876647479184,0.12751782401346035,R Bhatia,0.21285281131660483,0.11693995465559258
0.0,0.09523809523809523,0.0,0.043478260869565216,0.0,0.08850226539430087,0.0,0.08850226539430088,R Dravid,0.004347826086956522,0.0839998649418273
0.0,0.047619047619047616,0.0,0.021739130434782608,0.0637583364820748,0.03381327645102546,0.0637583364820748,0.03381327645102546,R McLaren,0.05955641587734558,0.03260586184940118
0.0,0.09523809523809523,0.0,0.043478260869565216,0.0635457347892715,0.021799307183454224,0.0635457347892715,0.021799307183454224,R Sharma,0.061538987397300876,0.023967202552065324
0.0,0.14285714285714285,0.0,0.06521739130434782,0.7305208830528529,0.21353610018546393,0.7305208830528529,0.21353610018546396,R Vinay Kumar,0.6639905338780023,0.19870422929735232
0.0,0.38095238095238093,0.2,0.2463768115942029,0.6707943678960332,0.3154255091076256,0.6707943678960332,0.3154255091076256,RA Jadeja,0.6283526122658503,0.3085206393562833
0.0,0.047619047619047616,0.0,0.021739130434782608,0.0,0.03914995267034351,0.0,0.03914995267034351,RE Levi,0.002173913043478261,0.03740887044678742
0.0,0.047619047619047616,0.0,0.021739130434782608,0.0781226417854556,0.02814121814711517,0.07812264178545561,0.02814121814711517,RJ Harris,0.0724842906503883,0.027501009375881916
0.0,0.047619047619047616,0.0,0.021739130434782608,0.27546818658062366,0.01594020408142028,0.2754681865806237,0.01594020408142028,RP Singh,0.25009528096603956,0.016520096716756513
0.0,0.047619047619047616,0.0,0.021739130434782608,0.05552336549664978,0.05707111823971922,0.05552336549664978,0.05707111823971923,RS Bopara,0.052144941990463066,0.053537919459225564
0.0,0.047619047619047616,0.0,0.021739130434782608,0.0,0.03710945296339238,0.0,0.03710945296339238,S Anirudha,0.002173913043478261,0.035572420710531405
0.0,0.047619047619047616,0.0,0.021739130434782608,0.30959968057121795,0.08254271847836424,0.30959968057121795,0.08254271847836424,S Aravind,0.2808136255575744,0.07646235967400608
0.0,0.047619047619047616,0.0,0.021739130434782608,0.0,0.07326353265902395,0.0,0.07326353265902395,S Badrinath,0.002173913043478261,0.06811109243659982
0.0,0.047619047619047616,0.2,0.09420289855072464,0.3482588673271732,0.19333649503937247,0.3482588673271732,0.19333649503937247,S Curran,0.3228532704495284,0.1834231353905077
0.0,0.047619047619047616,0.2,0.09420289855072464,0.0,0.30436060937035714,0.0,0.30436060937035714,S Gill,0.009420289855072464,0.2833448382883939
0.0,0.09523809523809523,0.4,0.18840579710144928,0.5267680300299673,0.15191816679412354,0.5267680300299673,0.15191816679412354,S Gopal,0.4929318067371155,0.15556692982485612
0.0,0.047619047619047616,0.2,0.09420289855072464,0.0,0.182599451437986,0.0,0.182599451437986,S Hetmyer,0.009420289855072464,0.17375979614925988
0.0,0.047619047619047616,0.0,0.021739130434782608,0.48516000891574157,0.07871604401751278,0.4851600089157416,0.07871604401751278,S Nadeem,0.43881792106764567,0.07301835265923977
0.0,0.047619047619047616,0.0,0.021739130434782608,0.0,0.05080964598496612,0.0,0.050809645984966116,S Sohal,0.002173913043478261,0.04790259442994777
0.0,0.047619047619047616,0.0,0.021739130434782608,0.08924262704137743,0.015582911353381024,0.08924262704137745,0.015582911353381029,S Sreesanth,0.08249227738071796,0.016198533261521184
0.0,0.047619047619047616,0.0,0.021739130434782608,0.0,0.05622890466088825,0.0,0.056228904660888264,SA Asnodkar,0.002173913043478261,0.05277992723827769
0.0,0.047619047619047616,0.0,0.021739130434782608,0.2356368522500512,0.05312300272795384,0.2356368522500512,0.05312300272795384,SB Jakati,0.21424708006852433,0.04998461549863672
0.0,0.047619047619047616,0.0,0.021739130434782608,0.049863328737170406,0.014645163943677559,0.049863328737170406,0.014645163943677559,SB Wagh,0.04705090890693163,0.015354560592788063
0.0,0.23809523809523808,0.0,0.10869565217391305,0.04855011594201791,0.07032297639648287,0.04855011594201791,0.07032297639648287,SC Ganguly,0.054564669565207426,0.0741602439742259
0.0,0.42857142857142855,0.0,0.1956521739130435,0.0,0.3101055820604668,0.0,0.31010558206046673,SE Marsh,0.01956521739130435,0.2986602412457245
0.0,0.09523809523809523,0.0,0.043478260869565216,0.09257085931228796,0.01760030882866439,0.09257085931228796,0.01760030882866439,SK Trivedi,0.08766159946801569,0.02018810403275447
0.0,0.19047619047619047,0.0,0.08695652173913043,0.07817781365795608,0.02845180912630942,0.07817781365795608,0.02845180912630942,SK Warne,0.07905568446607351,0.03430228038759152
0.0,0.2857142857142857,0.2,0.20289855072463767,0.7728040401441765,0.15084100532409314,0.7728040401441764,0.15084100532409314,SL Malinga,0.7158134912022226,0.15604675986414762
0.0,0.047619047619047616,0.0,0.021739130434782608,0.0,0.053283182726555044,0.0,0.05328318272655504,SM Katich,0.002173913043478261,0.050128777497377805
0.0,0.09523809523809523,0.0,0.043478260869565216,0.042826283779024,0.04804280035838812,0.042826283779024,0.048042800358388114,SM Pollock,0.04289148148807812,0.047586346409505834
0.0,0.047619047619047616,0.0,0.021739130434782608,0.0,0.184105325591224,0.0,0.18410532559122397,SP Goswami,0.002173913043478261,0.16786870607557985
0.0,0.38095238095238093,0.0,0.17391304347826086,0.04935380817858682,0.09696156697368614,0.04935380817858682,0.09696156697368613,SR Tendulkar,0.06180973170855422,0.10465671462414361
0.0,0.09523809523809523,0.0,0.043478260869565216,0.053266270471612275,0.06851992415179191,0.05326627047161228,0.06851992415179191,ST Jayasuriya,0.05228746951140757,0.06601575782356923
0.0,0.047619047619047616,0.2,0.09420289855072464,0.0,0.32789470708056956,0.0,0.3278947070805696,SW Billings,0.009420289855072464,0.3045255262275851
0.0,0.09523809523809523,0.0,0.043478260869565216,0.5271384567040134,0.3160729112913762,0.5271384567040134,0.3160729112913762,Shakib Al Hasan,0.47877243712056855,0.2888134462491951
0.0,0.047619047619047616,0.0,0.021739130434782608,0.047486415893157656,0.00726697135986682,0.047486415893157656,0.00726697135986682,Shoaib Akhtar,0.04491168734732015,0.0087141872673584
0.0,0.09523809523809523,0.0,0.043478260869565216,0.05542950658078143,0.03171797425493027,0.05542950658078143,0.03171797425493027,Sohail Tanvir,0.05423438200965981,0.032894002916393765
0.0,0.047619047619047616,0.0,0.021739130434782608,0.6906453779430894,0.13166676102896335,0.6906453779430893,0.13166676102896335,TA Boult,0.6237547531922588,0.12067399796954528
0.0,0.047619047619047616,0.2,0.09420289855072464,0.5902629801481922,0.24411052427084995,0.5902629801481922,0.24411052427084995,TG Southee,0.5406569719884455,0.2291197616988374
0.0,0.047619047619047616,0.0,0.021739130434782608,0.04766205205686584,0.051410394522421,0.047662052056865835,0.051410394522420994,TL Suman,0.04506975989465752,0.048443268113657165
0.0,0.047619047619047616,0.0,0.021739130434782608,0.04373994502800616,0.06765507378426999,0.04373994502800616,0.06765507378426999,TM Dilshan,0.04153986356868381,0.06306347944932125
0.0,0.38095238095238093,0.4,0.31884057971014496,0.9321144666844381,0.14247062354280443,0.932114466684438,0.14247062354280446,UT Yadav,0.8707870779870087,0.16010761915953847
0.0,0.047619047619047616,0.0,0.021739130434782608,0.07386037460165472,0.05276331815146419,0.07386037460165472,0.05276331815146418,Umar Gul,0.06864825018496751,0.049660899379796036
0.0,0.5238095238095237,0.0,0.2391304347826087,0.05668771497336333,0.10569852351352338,0.05668771497336333,0.10569852351352338,V Sehwag,0.07493198695428786,0.11904171464043191
0.0,0.09523809523809523,0.2,0.11594202898550726,0.5488713467813978,0.07544772511418543,0.5488713467813978,0.07544772511418542,VR Aaron,0.5055784150018088,0.07949715550131763
0.0,0.047619047619047616,0.0,0.021739130434782608,0.05670650075847014,0.03107220444135201,0.05670650075847014,0.031072204441352013,WPUJC Vaas,0.05320976372610139,0.03013889704069507
0.0,0.047619047619047616,0.0,0.021739130434782608,0.8644230037797953,0.0658473096577518,0.8644230037797953,0.0658473096577518,YS Chahal,0.780154616445294,0.06143649173545489
0.0,0.047619047619047616,0.0,0.021739130434782608,0.4035799855393014,0.04769453586909811,0.4035799855393014,0.04769453586909811,Z Khan,0.36539590002884953,0.04509899532566656
0.0,0.0,0.0,0.0,0.20640721651292745,0.1717875498364091,0.20640721651292745,0.1717875498364091,A Ashish Reddy,0.1857664948616347,0.15460879485276818
0.0,0.0,0.0,0.0,0.21422083570833764,0.12005314575604677,0.21422083570833764,0.12005314575604675,A Choudhary,0.1927987521375039,0.10804783118044209
0.0,0.0,0.0,0.0,0.28562117833074746,0.07272735007321562,0.28562117833074746,0.07272735007321562,A Dananjaya,0.25705906049767274,0.06545461506589406
0.0,0.0,0.0,0.0,0.047810322527497125,0.04510006024010972,0.04781032252749713,0.04510006024010972,A Flintoff,0.04302929027474741,0.04059005421609875
0.0,0.0,0.0,0.0,0.07025239349508021,0.03304530665025576,0.07025239349508021,0.03304530665025576,A Mithun,0.06322715414557219,0.029740775985230186
0.0,0.0,0.0,0.0,0.05026339375848786,0.0,0.05026339375848785,0.0,A Nel,0.04523705438263907,0.0
0.0,0.0,0.0,0.0,0.18694314776039703,0.0,0.18694314776039705,0.0,A Roy,0.16824883298435733,0.0
0.0,0.0,0.0,0.0,0.05997063949959959,0.013806528923512753,0.05997063949959959,0.01380652892351275,A Uniyal,0.053973575549639635,0.012425876031161477
0.0,0.0,0.0,0.0,0.04756446709465434,0.026627875226225613,0.04756446709465434,0.026627875226225617,AA Chavan,0.042808020385188904,0.023965087703603054
0.0,0.0,0.0,0.0,0.05733055627900354,0.0,0.05733055627900354,0.0,AA Kazi,0.05159750065110319,0.0
0.0,0.0,0.0,0.0,0.06589578328602029,0.02508851058767733,0.06589578328602029,0.025088510587677332,AA Noffke,0.059306204957418264,0.022579659528909595
0.0,0.0,0.0,0.0,0.07204997571680696,0.0354451716953695,0.07204997571680696,0.0354451716953695,AB Agarkar,0.06484497814512627,0.03190065452583255
0.0,0.0,0.0,0.0,0.05070396564889144,0.0410675691984033,0.05070396564889144,0.0410675691984033,AB McDonald,0.0456335690840023,0.03696081227856297
0.0,0.0,0.0,0.0,0.055100147917123976,0.026991794182053306,0.055100147917123976,0.026991794182053302,AC Thomas,0.04959013312541158,0.024292614763847975
0.0,0.0,0.0,0.0,0.2713665798759253,0.050005371903003415,0.2713665798759252,0.05000537190300342,AF Milne,0.24422992188833276,0.04500483471270308
0.0,0.0,0.0,0.0,0.04601515787358902,0.018215771461693547,0.04601515787358902,0.01821577146169355,AG Murtaza,0.04141364208623012,0.01639419431552419
0.0,0.0,0.0,0.0,0.04148231333312985,0.04686291135511543,0.04148231333312985,0.04686291135511543,AL Menaria,0.037334081999816866,0.04217662021960389
0.0,0.0,0.0,0.0,0.04906375302638725,0.04634133405826992,0.04906375302638725,0.04634133405826992,AM Nayar,0.044157377723748524,0.04170720065244293
0.0,0.0,0.0,0.0,0.04957556347558756,0.0,0.049575563475587565,0.0,AM Salvi,0.044618007128028804,0.0
0.0,0.0,0.0,0.0,0.06543613386810347,0.03393682005759342,0.06543613386810347,0.033936820057593416,AN Ahmed,0.05889252048129313,0.03054313805183408
0.0,0.0,0.0,0.0,0.06590722805760647,0.04926056761246631,0.06590722805760646,0.04926056761246631,AP Dole,0.05931650525184583,0.04433451085121968
0.0,0.0,0.0,0.0,0.043232912046906956,0.038636304028620755,0.04323291204690696,0.03863630402862076,AS Raut,0.03890962084221626,0.03477267362575868
0.0,0.0,0.0,0.0,0.05426554481717109,0.036945419611843486,0.05426554481717109,0.036945419611843486,AUK Pathan,0.048838990335453976,0.033250877650659136
0.0,0.0,0.0,0.0,0.13362019435659936,9.661159897665094e-07,0.13362019435659936,9.661159897665094e-07,Abdur Razzak,0.12025817492093943,8.695043907898585e-07
0.0,0.0,0.0,0.0,0.05506492433065395,0.0,0.05506492433065395,0.0,Anand Rajan,0.04955843189758856,0.0
0.0,0.0,0.0,0.0,0.45619416044888184,0.2929775386406288,0.4561941604488818,0.2929775386406288,Ankit Sharma,0.41057474440399366,0.26367978477656595
0.0,0.0,0.0,0.0,0.16522579429612547,0.06448991845363167,0.16522579429612547,0.06448991845363168,Ankit Soni,0.14870321486651292,0.058040926608268505
0.0,0.0,0.0,0.0,0.3912411471115223,0.18422676298363416,0.3912411471115223,0.18422676298363416,Anureet Singh,0.35211703240037007,0.16580408668527075
0.0,0.0,0.0,0.0,0.370740731661079,0.11106969617118234,0.370740731661079,0.11106969617118234,Avesh Khan,0.3336666584949711,0.09996272655406412
0.0,0.0,0.0,0.0,0.047820798229120616,0.03532061508976375,0.047820798229120616,0.03532061508976375,B Akhil,0.043038718406208556,0.03178855358078738
0.0,0.0,0.0,0.0,0.09648530081473874,0.04032955102581844,0.09648530081473873,0.040329551025818436,B Chipli,0.08683677073326487,0.0362965959232366
0.0,0.0,0.0,0.0,0.05771626399896332,0.0,0.057716263998963326,0.0,B Geeves,0.051944637599066985,0.0
0.0,0.0,0.0,0.0,0.35256325819902745,0.023405002527456992,0.35256325819902745,0.02340500252745699,B Laughlin,0.3173069323791247,0.021064502274711294
0.0,0.0,0.0,0.0,0.04621367953735817,0.011264297541047547,0.046213679537358165,0.011264297541047548,BAW Mendis,0.04159231158362236,0.010137867786942792
0.0,0.0,0.0,0.0,0.6029875828994906,0.11287478051145516,0.6029875828994906,0.11287478051145515,BB Sran,0.5426888246095416,0.10158730246030966
0.0,0.0,0.0,0.0,0.06132786794614275,0.00732354754582799,0.06132786794614275,0.007323547545827991,BE Hendricks,0.05519508115152848,0.006591192791245191
0.0,0.0,0.0,0.0,0.07039474229708571,0.056431106098039585,0.07039474229708571,0.056431106098039585,BJ Rohrer,0.06335526806737714,0.05078799548823563
0.0,0.0,0.0,0.0,0.03495173361812471,0.025749032707869032,0.03495173361812471,0.025749032707869032,BMAJ Mendis,0.03145656025631224,0.02317412943708213
0.0,0.0,0.0,0.0,0.5388413990403469,0.1206328328294246,0.5388413990403469,0.1206328328294246,Basil Thampi,0.4849572591363122,0.10856954954648214
0.0,0.0,0.0,0.0,0.21089194057995372,0.16373399190520005,0.21089194057995367,0.16373399190520005,Bipul Sharma,0.18980274652195836,0.14736059271468005
0.0,0.0,0.0,0.0,0.06248430696901503,0.0,0.062484306969015024,0.0,C Ganapathy,0.05623587627211353,0.0
0.0,0.0,0.0,0.0,0.1261402412280493,0.27661414702966136,0.1261402412280493,0.27661414702966136,C Munro,0.11352621710524437,0.24895273232669524
0.0,0.0,0.0,0.0,0.03908100180141786,0.0,0.03908100180141786,0.0,C Nanda,0.03517290162127607,0.0
0.0,0.0,0.0,0.0,0.41063045979834273,0.3290546259378832,0.4106304597983427,0.3290546259378832,C de Grandhomme,0.36956741381850844,0.2961491633440949
0.0,0.0,0.0,0.0,0.47794392583484135,0.04806790081060303,0.4779439258348414,0.04806790081060303,CJ Jordan,0.43014953325135724,0.04326111072954273
0.0,0.0,0.0,0.0,0.041865642852408236,0.01956935809291598,0.041865642852408236,0.019569358092915982,CJ McKay,0.037679078567167415,0.01761242228362438
0.0,0.0,0.0,0.0,0.07876412886157395,0.019422671469138467,0.07876412886157395,0.01942267146913847,CK Kapugedera,0.07088771597541656,0.01748040432222462
0.0,0.0,0.0,0.0,0.05212098086039903,0.022494626281294734,0.052120980860399034,0.02249462628129473,CK Langeveldt,0.046908882774359124,0.02024516365316526
0.0,0.0,0.0,0.0,0.601496361059832,0.15471584981329384,0.6014963610598321,0.15471584981329384,CR Woakes,0.5413467249538487,0.13924426483196445
0.0,0.0,0.0,0.0,0.05729582020664958,0.010897077666338129,0.05729582020664958,0.010897077666338129,D Kalyankrishna,0.05156623818598462,0.009807369899704316
0.0,0.0,0.0,0.0,0.06780394290202753,0.04017974505334522,0.06780394290202753,0.04017974505334522,D Salunkhe,0.061023548611824775,0.0361617705480107
0.0,0.0,0.0,0.0,0.18177595989606316,0.18600443280032133,0.1817759598960632,0.18600443280032133,D Short,0.16359836390645685,0.1674039895202892
0.0,0.0,0.0,0.0,0.278361741179158,0.12203483921575209,0.278361741179158,0.12203483921575208,D Wiese,0.25052556706124224,0.10983135529417688
0.0,0.0,0.0,0.0,0.22905342672836954,0.0,0.22905342672836956,0.0,D Willey,0.2061480840555326,0.0
0.0,0.0,0.0,0.0,0.04997515630405318,0.026541004461228253,0.04997515630405318,0.026541004461228257,D du Preez,0.04497764067364786,0.023886904015105428
0.0,0.0,0.0,0.0,0.043321502788628105,0.04021031212316056,0.0433215027886281,0.04021031212316056,DAJ Bracewell,0.0389893525097653,0.03618928091084451
0.0,0.0,0.0,0.0,0.04529122303152533,0.04550431270925829,0.04529122303152533,0.04550431270925829,DB Ravi Teja,0.040762100728372795,0.04095388143833246
0.0,0.0,0.0,0.0,0.0415249447508562,0.05405050917266564,0.04152494475085619,0.054050509172665635,DJ Harris,0.03737245027577058,0.04864545825539908
0.0,0.0,0.0,0.0,0.03998566053089153,0.007866416792486676,0.03998566053089153,0.007866416792486676,DJ Muthuswami,0.03598709447780238,0.007079775113238009
0.0,0.0,0.0,0.0,0.03259431942359625,0.026176071151361377,0.03259431942359625,0.026176071151361373,DJ Thornely,0.029334887481236627,0.02355846403622524
0.0,0.0,0.0,0.0,0.05805738769118848,0.030890937233647383,0.058057387691188476,0.030890937233647383,DNT Zoysa,0.052251648922069634,0.027801843510282646
0.0,0.0,0.0,0.0,0.04882357752666791,0.02141449952622648,0.04882357752666791,0.021414499526226483,DP Vijaykumar,0.043941219774001124,0.01927304957360383
0.0,0.0,0.0,0.0,0.6623067496890084,0.18434563630691747,0.6623067496890084,0.18434563630691747,DS Kulkarni,0.5960760747201076,0.16591107267622573
0.0,0.0,0.0,0.0,0.42517616865743846,0.21995929497239852,0.4251761686574385,0.21995929497239847,DT Christian,0.3826585517916946,0.19796336547515866
0.0,0.0,0.0,0.0,0.04422495347897611,0.018450316917480676,0.04422495347897611,0.01845031691748068,FH Edwards,0.0398024581310785,0.01660528522573261
0.0,0.0,0.0,0.0,0.048650361697117755,0.04183380486839642,0.04865036169711776,0.04183380486839642,FY Fazal,0.04378532552740598,0.03765042438155678
0.0,0.0,0.0,0.0,0.22623178695221155,0.02642796197991849,0.22623178695221155,0.02642796197991849,GB Hogg,0.2036086082569904,0.023785165781926642
0.0,0.0,0.0,0.0,0.03401764933671625,0.035440186238762,0.03401764933671625,0.035440186238762,GR Napier,0.030615884403044625,0.031896167614885805
0.0,0.0,0.0,0.0,0.05254252012310538,0.0,0.05254252012310538,0.0,GS Sandhu,0.04728826811079485,0.0
0.0,0.0,0.0,0.0,0.05085009412166491,0.0,0.05085009412166491,0.0,Gagandeep Singh,0.04576508470949842,0.0
0.0,0.0,0.0,0.0,0.1731930706633166,0.3666262572732681,0.1731930706633166,0.3666262572732681,Gurkeerat Singh,0.15587376359698493,0.32996363154594127
0.0,0.0,0.0,0.0,0.1938951271443677,0.2001718179700241,0.1938951271443677,0.2001718179700241,H Brar,0.17450561442993096,0.1801546361730217
0.0,0.0,0.0,0.0,0.1719600346822777,0.04367263755074373,0.1719600346822777,0.04367263755074373,H Vihari,0.1547640312140499,0.039305373795669354
0.0,0.0,0.0,0.0,0.34611430613674055,0.0696104084019712,0.3461143061367405,0.0696104084019712,H Viljoen,0.3115028755230665,0.06264936756177408
0.0,0.0,0.0,0.0,0.044544238411400844,0.0,0.04454423841140085,0.0,Harmeet Singh (2),0.040089814570260764,0.0
0.0,0.0,0.0,0.0,0.11105715541124693,0.04322684981754311,0.11105715541124693,0.043226849817543114,I Malhotra,0.09995143987012224,0.0389041648357888
0.0,0.0,0.0,0.0,0.18910184920094406,0.0604392563013093,0.18910184920094408,0.0604392563013093,I Sodhi,0.17019166428084964,0.05439533067117837
0.0,0.0,0.0,0.0,0.054938551989722,9.661159897665094e-07,0.05493855198972199,9.661159897665094e-07,IC Pandey,0.0494446967907498,8.695043907898585e-07
0.0,0.0,0.0,0.0,0.2435662948831741,0.0,0.24356629488317405,0.0,J Behrendorff,0.2192096653948567,0.0
0.0,0.0,0.0,0.0,0.27829543670583007,0.0,0.2782954367058301,0.0,J Dala,0.2504658930352471,0.0
0.0,0.0,0.0,0.0,0.35287814082152946,0.11157626506615206,0.35287814082152946,0.11157626506615206,J Searles,0.31759032673937654,0.10041863855953687
0.0,0.0,0.0,0.0,0.44412976501784496,0.07120233517036834,0.44412976501784496,0.07120233517036834,J Suchith,0.39971678851606046,0.0640821016533315
0.0,0.0,0.0,0.0,0.05098676703365836,0.028376699231360835,0.05098676703365836,0.02837669923136084,J Syed Mohammad,0.04588809033029253,0.025539029308224753
0.0,0.0,0.0,0.0,0.2734931439007684,0.04636975778688947,0.27349314390076845,0.04636975778688946,J Yadav,0.24614382951069155,0.04173278200820052
0.0,0.0,0.0,0.0,0.05614039643032801,0.03409229793037739,0.05614039643032801,0.03409229793037739,JDS Neesham,0.05052635678729521,0.030683068137339647
0.0,0.0,0.0,0.0,0.050409924627242766,0.016886490709872005,0.050409924627242766,0.016886490709872002,JE Taylor,0.04536893216451849,0.015197841638884805
0.0,0.0,0.0,0.0,0.06876295743388597,0.028193972145160586,0.06876295743388597,0.028193972145160583,JJ van der Wath,0.06188666169049737,0.025374574930644527
0.0,0.0,0.0,0.0,0.03683776720062717,0.035449198894995294,0.03683776720062717,0.035449198894995294,JM Kemp,0.03315399048056445,0.031904279005495764
0.0,0.0,0.0,0.0,0.19606100574602628,0.10388211718815142,0.19606100574602628,0.10388211718815142,JO Holder,0.17645490517142365,0.09349390546933628
0.0,0.0,0.0,0.0,0.05707788096841936,0.05736332699908125,0.05707788096841936,0.05736332699908125,JR Hopes,0.05137009287157743,0.051626994299173126
0.0,0.0,0.0,0.0,0.11657919524614875,0.0,0.11657919524614875,0.0,JW Hastings,0.10492127572153388,0.0
0.0,0.0,0.0,0.0,0.06852290790900586,0.01699288839987431,0.06852290790900586,0.01699288839987431,Jaskaran Singh,0.06167061711810528,0.015293599559886878
0.0,0.0,0.0,0.0,0.06924992721947298,0.03249349222643292,0.06924992721947297,0.03249349222643292,Joginder Sharma,0.062324934497525686,0.02924414300378963
0.0,0.0,0.0,0.0,0.042121604148579586,0.03576859589271112,0.04212160414857958,0.03576859589271112,K Goel,0.037909443733721626,0.03219173630344001
0.0,0.0,0.0,0.0,0.3043435195719431,0.18462778160646973,0.3043435195719431,0.18462778160646973,K Gowtham,0.2739091676147488,0.16616500344582275
0.0,0.0,0.0,0.0,0.2715466415442479,0.0,0.2715466415442479,0.0,K Khejroliya,0.24439197738982313,0.0
0.0,0.0,0.0,0.0,0.06165216654949216,0.0,0.06165216654949216,0.0,K Santokie,0.05548694989454295,0.0
0.0,0.0,0.0,0.0,0.046275702781309845,0.0337144070132357,0.04627570278130985,0.0337144070132357,K Upadhyay,0.041648132503178864,0.03034296631191213
0.0,0.0,0.0,0.0,0.06110434389430454,0.03351468360262306,0.06110434389430454,0.03351468360262306,KAJ Roach,0.05499390950487409,0.030163215242360753
0.0,0.0,0.0,0.0,0.621162962242635,0.26000319273557093,0.621162962242635,0.2600031927355709,KC Cariappa,0.5590466660183715,0.23400287346201384
0.0,0.0,0.0,0.0,0.2719018256883362,0.1319470318195952,0.2719018256883362,0.1319470318195952,KJ Abbott,0.24471164311950258,0.11875232863763567
0.0,0.0,0.0,0.0,0.348882130185078,0.0,0.348882130185078,0.0,KM Asif,0.3139939171665702,0.0
0.0,0.0,0.0,0.0,0.04865266733458938,0.01089671344196499,0.048652667334589374,0.010896713441964991,KP Appanna,0.04378740060113044,0.009807042097768491
0.0,0.0,0.0,0.0,0.26548112454772627,0.08206034462368186,0.2654811245477263,0.08206034462368186,KW Richardson,0.23893301209295364,0.07385431016131368
0.0,0.0,0.0,0.0,0.05890637830943683,0.015467310629450394,0.058906378309436826,0.015467310629450394,Kamran Khan,0.053015740478493154,0.013920579566505355
0.0,0.0,0.0,0.0,0.05791982529468822,0.017693437667573024,0.05791982529468821,0.017693437667573024,Karanveer Singh,0.052127842765219395,0.01592409390081572
0.0,0.0,0.0,0.0,0.0608830112088422,9.661159897665094e-07,0.0608830112088422,9.661159897665094e-07,L Ablish,0.054794710087957985,8.695043907898585e-07
0.0,0.0,0.0,0.0,0.29500385755918107,0.0,0.2950038575591811,0.0,L Ferguson,0.26550347180326295,0.0
0.0,0.0,0.0,0.0,0.30597127877296587,0.19500083416595462,0.3059712787729658,0.19500083416595465,L Livingstone,0.2753741508956693,0.17550075074935917
0.0,0.0,0.0,0.0,0.24631953308796237,0.025742613253292426,0.2463195330879624,0.025742613253292437,L Plunkett,0.22168757977916614,0.023168351927963186
0.0,0.0,0.0,0.0,0.041894007193999605,0.041939325466000155,0.041894007193999605,0.04193932546600016,LA Carseldine,0.037704606474599646,0.03774539291940014
0.0,0.0,0.0,0.0,0.10140873970726645,0.044953792718261575,0.10140873970726644,0.044953792718261575,LPC Silva,0.0912678657365398,0.040458413446435415
0.0,0.0,0.0,0.0,0.2439539847916939,0.29073984002615133,0.2439539847916939,0.2907398400261514,M Ali,0.2195585863125245,0.2616658560235362
0.0,0.0,0.0,0.0,0.4130518509108078,0.043187942172183004,0.4130518509108078,0.043187942172183004,M Ashwin,0.37174666581972704,0.038869147954964704
0.0,0.0,0.0,0.0,0.17231524563857845,0.12248406634897631,0.17231524563857845,0.1224840663489763,M Lomror,0.1550837210747206,0.11023565971407868
0.0,0.0,0.0,0.0,0.02861762209189092,0.042689853959901596,0.028617622091890917,0.0426898539599016,M Manhas,0.02575585988270183,0.038420868563911435
0.0,0.0,0.0,0.0,0.3418219079844642,0.09422938702512243,0.3418219079844642,0.09422938702512244,M Markande,0.3076397171860178,0.0848064483226102
0.0,0.0,0.0,0.0,0.22011695101892156,0.17188752522633186,0.2201169510189216,0.17188752522633188,M Santner,0.1981052559170294,0.15469877270369867
0.0,0.0,0.0,0.0,0.32036378882143557,0.054562017183195366,0.3203637888214356,0.054562017183195366,M Wood,0.288327409939292,0.04910581546487583
0.0,0.0,0.0,0.0,0.06424681307143999,0.01125295468892702,0.06424681307143999,0.01125295468892702,M de Lange,0.05782213176429599,0.010127659220034318
0.0,0.0,0.0,0.0,0.051221595412160634,0.031073674482358038,0.05122159541216064,0.031073674482358038,MA Khote,0.046099435870944575,0.027966307034122236
0.0,0.0,0.0,0.0,0.05709709404656199,0.0,0.057097094046561984,0.0,MB Parmar,0.051387384641905794,0.0
0.0,0.0,0.0,0.0,0.09080228641481769,0.0,0.09080228641481768,0.0,MG Neser,0.08172205777333592,0.0
0.0,0.0,0.0,0.0,0.03309521347203105,0.039761390542749395,0.03309521347203105,0.0397613905427494,MJ Clarke,0.029785692124827946,0.03578525148847446
0.0,0.0,0.0,0.0,0.32005665152359375,0.0,0.3200566515235937,0.0,MJ Henry,0.2880509863712344,0.0
0.0,0.0,0.0,0.0,0.11014580746036849,0.022504943668364693,0.11014580746036848,0.02250494366836469,Mashrafe Mortaza,0.09913122671433164,0.020254449301528223
0.0,0.0,0.0,0.0,0.057420915775562166,0.011807166516705955,0.05742091577556216,0.011807166516705957,Mohammad Asif,0.05167882419800595,0.010626449865035359
0.0,0.0,0.0,0.0,0.049161535462671074,0.024787555023354373,0.049161535462671074,0.024787555023354373,Mohammad Hafeez,0.04424538191640397,0.022308799521018937
0.0,0.0,0.0,0.0,0.2784334912979438,0.23685409644778474,0.2784334912979438,0.23685409644778474,Mohammad Nabi,0.25059014216814945,0.21316868680300627
0.0,0.0,0.0,0.0,0.35650124678224054,0.07730494299736801,0.3565012467822405,0.07730494299736801,N Saini,0.3208511221040165,0.06957444869763121
0.0,0.0,0.0,0.0,0.07508118719297097,0.0,0.07508118719297098,0.0,NB Singh,0.06757306847367388,0.0
0.0,0.0,0.0,0.0,0.04055814659117708,1.1585261868869081e-05,0.04055814659117708,1.158526186886908e-05,ND Doshi,0.03650233193205937,1.0426735681982173e-05
0.0,0.0,0.0,0.0,0.031841684661695444,0.02141449952622648,0.031841684661695444,0.021414499526226483,NJ Rimmington,0.0286575161955259,0.01927304957360383
0.0,0.0,0.0,0.0,0.033483497717925886,0.03725654039658051,0.033483497717925886,0.03725654039658051,NL McCullum,0.030135147946133298,0.03353088635692246
0.0,0.0,0.0,0.0,0.2768283796917958,0.18107269142885093,0.2768283796917958,0.18107269142885093,NLTC Perera,0.24914554172261622,0.16296542228596583
0.0,0.0,0.0,0.0,0.2995835717620849,0.0,0.2995835717620849,0.0,O Thomas,0.2696252145858764,0.0
0.0,0.0,0.0,0.0,0.05719438407443702,0.0,0.05719438407443703,0.0,P Amarnath,0.051474945666993316,0.0
0.0,0.0,0.0,0.0,0.07647122889320694,0.008375928343971072,0.07647122889320694,0.00837592834397107,P Awana,0.06882410600388625,0.007538335509573965
0.0,0.0,0.0,0.0,0.4368268165398125,0.012258617749208714,0.4368268165398125,0.012258617749208714,P Krishna,0.3931441348858312,0.011032755974287843
0.0,0.0,0.0,0.0,0.0867707310837333,0.0,0.0867707310837333,0.0,P Prasanth,0.07809365797535997,0.0
0.0,0.0,0.0,0.0,0.34090755110752685,0.1369331689087929,0.3409075511075268,0.1369331689087929,P R Barman,0.3068167959967742,0.12323985201791361
0.0,0.0,0.0,0.0,0.3127027536709241,0.0,0.3127027536709241,0.0,P Raj,0.28143247830383167,0.0
0.0,0.0,0.0,0.0,0.1780866794799747,0.1388915230115875,0.1780866794799747,0.1388915230115875,P Sahu,0.16027801153197724,0.12500237071042875
0.0,0.0,0.0,0.0,0.0697473039737898,0.0,0.0697473039737898,0.0,P Suyal,0.06277257357641082,0.0
0.0,0.0,0.0,0.0,0.2824655117996339,0.14018940851674527,0.2824655117996339,0.14018940851674525,PJ Cummins,0.25421896061967053,0.12617046766507076
0.0,0.0,0.0,0.0,0.4542135374241206,0.054816836169752324,0.4542135374241206,0.05481683616975233,PJ Sangwan,0.4087921836817085,0.049335152552777095
0.0,0.0,0.0,0.0,0.04338275145755469,0.01125295468892702,0.043382751457554686,0.01125295468892702,PM Sarvesh Kumar,0.03904447631179923,0.010127659220034318
0.0,0.0,0.0,0.0,0.05888489768418783,0.013413099392452067,0.05888489768418782,0.013413099392452063,Pankaj Singh,0.052996407915769046,0.01207178945320686
0.0,0.0,0.0,0.0,0.18012979879272076,0.10315261614779221,0.18012979879272076,0.1031526161477922,Parvez Rasool,0.16211681891344867,0.09283735453301299
0.0,0.0,0.0,0.0,0.1926269165197862,0.1712460895201938,0.1926269165197862,0.1712460895201938,R Dhawan,0.1733642248678076,0.15412148056817443
0.0,0.0,0.0,0.0,0.053865866444980176,0.013435774121181875,0.053865866444980176,0.013435774121181876,R Ninan,0.04847927980048216,0.012092196709063687
0.0,0.0,0.0,0.0,0.1817865383778342,0.2702212892333064,0.1817865383778342,0.2702212892333064,R Parag,0.1636078845400508,0.24319916030997576
0.0,0.0,0.0,0.0,0.05223105265295984,0.028265665404108898,0.05223105265295984,0.028265665404108894,R Rampaul,0.047007947387663854,0.02543909886369801
0.0,0.0,0.0,0.0,0.4002731762261037,0.10866057158858237,0.4002731762261037,0.10866057158858236,R Salam,0.36024585860349334,0.09779451442972414
0.0,0.0,0.0,0.0,0.21811503611837488,0.10953294912431573,0.21811503611837488,0.10953294912431573,R Sathish,0.1963035325065374,0.09857965421188415
0.0,0.0,0.0,0.0,0.07123051279225495,0.022097432827377986,0.07123051279225495,0.022097432827377986,R Shukla,0.06410746151302946,0.019887689544640187
0.0,0.0,0.0,0.0,0.2931587017480364,0.2475524261690096,0.2931587017480364,0.2475524261690096,R Tewatia,0.26384283157323274,0.22279718355210865
0.0,0.0,0.0,0.0,0.05281846885964908,0.0,0.05281846885964908,0.0,RA Shaikh,0.047536621973684176,0.0
0.0,0.0,0.0,0.0,0.3892680306550536,0.17579594881793367,0.3892680306550536,0.17579594881793367,RD Chahar,0.3503412275895483,0.1582163539361403
0.0,0.0,0.0,0.0,0.05225025402735896,0.03638742407818822,0.052250254027358965,0.03638742407818822,RE van der Merwe,0.047025228624623064,0.0327486816703694
0.0,0.0,0.0,0.0,0.05549523352756593,0.022504943668364693,0.05549523352756593,0.02250494366836469,RG More,0.04994571017480934,0.020254449301528223
0.0,0.0,0.0,0.0,0.04399901292329593,0.02755715861975787,0.043999012923295916,0.02755715861975787,RJ Peterson,0.03959911163096634,0.024801442757782084
0.0,0.0,0.0,0.0,0.04233949465667771,0.04974352913125073,0.04233949465667771,0.049743529131250734,RN ten Doeschate,0.03810554519100994,0.04476917621812566
0.0,0.0,0.0,0.0,0.08440217981967532,9.661159897665094e-07,0.08440217981967534,9.661159897665094e-07,RR Bhatkal,0.07596196183770779,8.695043907898585e-07
0.0,0.0,0.0,0.0,0.05773584457465219,0.0,0.057735844574652175,0.0,RR Bose,0.05196226011718697,0.0
0.0,0.0,0.0,0.0,0.05258581205755641,0.029892145656405383,0.052585812057556414,0.02989214565640538,RR Powar,0.04732723085180077,0.026902931090764845
0.0,0.0,0.0,0.0,0.05449900917756602,0.027093688118441605,0.05449900917756602,0.02709368811844161,RR Raje,0.04904910825980942,0.024384319306597443
0.0,0.0,0.0,0.0,0.038264036455731065,0.00726697135986682,0.038264036455731065,0.00726697135986682,RS Gavaskar,0.03443763281015796,0.006540274223880138
0.0,0.0,0.0,0.0,0.04347117536773197,0.025635075465122118,0.04347117536773197,0.025635075465122118,RV Gomez,0.03912405783095878,0.023071567918609908
0.0,0.0,0.0,0.0,0.05284118710257552,0.0,0.052841187102575515,0.0,RW Price,0.04755706839231797,0.0
0.0,0.0,0.0,0.0,0.200006531327265,0.04677589384346773,0.200006531327265,0.04677589384346773,S Badree,0.1800058781945385,0.04209830445912096
0.0,0.0,0.0,0.0,0.0463924410261744,0.13026026592953727,0.0463924410261744,0.13026026592953724,S Dube,0.041753196923556966,0.11723423933658354
0.0,0.0,0.0,0.0,0.7565887829102738,0.02328671239677112,0.7565887829102738,0.023286712396771117,S Kaul,0.6809299046192464,0.020958041157094008
0.0,0.0,0.0,0.0,0.21642928465546094,0.0,0.21642928465546094,0.0,S Kaushik,0.19478635618991486,0.0
0.0,0.0,0.0,0.0,0.21253502998261287,0.0,0.21253502998261287,0.0,S Kuggeleijn,0.19128152698435158,0.0
0.0,0.0,0.0,0.0,0.20551835017656123,8.6991089120631e-06,0.20551835017656125,8.6991089120631e-06,S Ladda,0.1849665151589051,7.829198020856791e-06
0.0,0.0,0.0,0.0,0.3115811803127658,0.0,0.3115811803127658,0.0,S Lamichhane,0.2804230622814893,0.0
0.0,0.0,0.0,0.0,0.32848804090368133,0.0798711148153597,0.3284880409036813,0.0798711148153597,S Mavi,0.2956392368133132,0.07188400333382373
0.0,0.0,0.0,0.0,0.43077412131349996,0.0,0.4307741213134999,0.0,S Midhun,0.38769670918215,0.0
0.0,0.0,0.0,0.0,0.0635772785059864,0.03631332772427799,0.0635772785059864,0.036313327724277984,S Narwal,0.057219550655387766,0.032681994951850195
0.0,0.0,0.0,0.0,0.028572185180447372,0.03563135701611264,0.02857218518044737,0.035631357016112634,S Rana,0.025714966662402635,0.03206822131450138
0.0,0.0,0.0,0.0,0.044699967571373886,0.012344364405054447,0.044699967571373886,0.012344364405054448,S Randiv,0.0402299708142365,0.011109927964549002
0.0,0.0,0.0,0.0,0.23219795470038623,0.17022796437664495,0.23219795470038626,0.17022796437664495,S Rutherford,0.20897815923034763,0.15320516793898045
0.0,0.0,0.0,0.0,0.31592924423551877,0.15917193136196026,0.3159292442355188,0.15917193136196026,S Sharma,0.2843363198119669,0.14325473822576423
0.0,0.0,0.0,0.0,0.07869797462175365,0.03364800652520973,0.07869797462175365,0.03364800652520973,S Sriram,0.07082817715957829,0.03028320587268876
0.0,0.0,0.0,0.0,0.05536727139267454,0.018515098314347923,0.055367271392674534,0.018515098314347923,S Tyagi,0.04983054425340709,0.016663588482913133
0.0,0.0,0.0,0.0,0.05975919881815258,0.04789658866259716,0.05975919881815257,0.04789658866259716,S Vidyut,0.053783278936337324,0.04310692979633745
0.0,0.0,0.0,0.0,0.16510335952010124,0.0,0.16510335952010124,0.0,S Warrier,0.14859302356809112,0.0
0.0,0.0,0.0,0.0,0.06001137129335647,0.031738833146299786,0.06001137129335647,0.03173883314629978,SA Abbott,0.05401023416402083,0.02856494983166981
0.0,0.0,0.0,0.0,0.050101848901966645,0.025180458813876448,0.05010184890196665,0.025180458813876445,SB Bangar,0.045091664011769984,0.022662412932488805
0.0,0.0,0.0,0.0,0.03999812246418647,0.01091602316024741,0.03999812246418647,0.01091602316024741,SB Joshi,0.03599831021776782,0.00982442084422267
0.0,0.0,0.0,0.0,0.04579115843696893,0.03564569008529658,0.04579115843696893,0.03564569008529658,SB Styris,0.04121204259327204,0.03208112107676692
0.0,0.0,0.0,0.0,0.06365943389113932,0.03657629406318175,0.06365943389113933,0.03657629406318175,SD Chitnis,0.05729349050202539,0.03291866465686357
0.0,0.0,0.0,0.0,0.04408058056772926,0.01125295468892702,0.04408058056772925,0.01125295468892702,SE Bond,0.039672522510956335,0.010127659220034318
0.0,0.0,0.0,0.0,0.06610861543617307,0.021704757625590095,0.06610861543617308,0.021704757625590092,SJ Srivastava,0.05949775389255576,0.019534281863031085
0.0,0.0,0.0,0.0,0.16857450811817984,0.0,0.16857450811817984,0.0,SM Boland,0.15171705730636187,0.0
0.0,0.0,0.0,0.0,0.05290054678729948,0.017998122331216365,0.05290054678729948,0.01799812233121636,SM Harwood,0.04761049210856953,0.01619831009809473
0.0,0.0,0.0,0.0,0.039552597549529125,0.014723092648013959,0.039552597549529125,0.014723092648013959,SMSM Senanayake,0.03559733779457622,0.013250783383212563
0.0,0.0,0.0,0.0,0.07235224744927841,0.39410951831781943,0.07235224744927841,0.3941095183178194,SN Khan,0.06511702270435057,0.3546985664860375
0.0,0.0,0.0,0.0,0.7286860154706402,0.19455483369753604,0.7286860154706402,0.19455483369753604,SN Thakur,0.6558174139235762,0.17509935032778243
0.0,0.0,0.0,0.0,0.20729535104613128,0.0,0.20729535104613125,0.0,SS Agarwal,0.18656581594151816,0.0
0.0,0.0,0.0,0.0,0.041894007193999605,0.0,0.041894007193999605,0.0,SS Mundhe,0.037704606474599646,0.0
0.0,0.0,0.0,0.0,0.033256013544874306,0.0,0.033256013544874306,0.0,SS Sarkar,0.029930412190386876,0.0
0.0,0.0,0.0,0.0,0.3730540046549682,0.28028857245053673,0.37305400465496813,0.28028857245053673,STR Binny,0.3357486041894714,0.25225971520548307
0.0,0.0,0.0,0.0,0.08130424913207245,0.023160546185016357,0.08130424913207246,0.02316054618501636,SW Tait,0.0731738242188652,0.02084449156651472
0.0,0.0,0.0,0.0,0.05641889785972908,0.16240280425992493,0.056418897859729075,0.1624028042599249,Sachin Baby,0.05077700807375617,0.14616252383393244
0.0,0.0,0.0,0.0,0.04781191806693064,0.046868662116506976,0.047811918066930637,0.046868662116506976,Shahid Afridi,0.04303072626023758,0.04218179590485628
0.0,0.0,0.0,0.0,0.044367338456188836,0.036638829545248094,0.044367338456188836,0.036638829545248094,Shivam Sharma,0.03993060461056995,0.03297494659072329
0.0,0.0,0.0,0.0,0.04758954800420259,0.0037579842914797473,0.047589548004202585,0.003757984291479747,Shoaib Ahmed,0.04283059320378233,0.0033821858623317726
0.0,0.0,0.0,0.0,0.06479480426053418,0.033246013791876215,0.06479480426053418,0.033246013791876215,Shoaib Malik,0.05831532383448076,0.029921412412688593
0.0,0.0,0.0,0.0,0.08402033007916739,0.0,0.08402033007916739,0.0,Sunny Gupta,0.07561829707125065,0.0
0.0,0.0,0.0,0.0,0.17645392618519828,0.05726990642837374,0.17645392618519828,0.057269906428373735,Swapnil Singh,0.15880853356667846,0.05154291578553637
0.0,0.0,0.0,0.0,0.3569135185952444,0.08736768966995072,0.3569135185952444,0.08736768966995072,T Curran,0.32122216673571996,0.07863092070295565
0.0,0.0,0.0,0.0,0.033380550526028424,0.020047980490755055,0.033380550526028424,0.020047980490755055,T Henderson,0.030042495473425582,0.01804318244167955
0.0,0.0,0.0,0.0,0.20658419179768864,0.0,0.20658419179768864,0.0,T Natarajan,0.1859257726179198,0.0
0.0,0.0,0.0,0.0,0.19506685891689718,0.0,0.1950668589168972,0.0,T Shamsi,0.17556017302520746,0.0
0.0,0.0,0.0,0.0,0.05062004172169639,0.016156334255341322,0.05062004172169639,0.01615633425534132,T Thushara,0.04555803754952675,0.01454070082980719
0.0,0.0,0.0,0.0,0.18320594838805943,0.20558012132422274,0.18320594838805945,0.20558012132422274,TM Head,0.1648853535492535,0.18502210919180045
0.0,0.0,0.0,0.0,0.06448415541404838,0.0,0.06448415541404838,0.0,TP Sudhindra,0.058035739872643544,0.0
0.0,0.0,0.0,0.0,0.22632252160694855,0.06211692755754995,0.2263225216069485,0.06211692755754995,TS Mills,0.2036902694462537,0.05590523480179496
0.0,0.0,0.0,0.0,0.14628161200140843,0.0,0.14628161200140846,0.0,Tejas Baroka,0.13165345080126759,0.0
0.0,0.0,0.0,0.0,0.2716782812081457,0.0,0.2716782812081457,0.0,V Chakravarthy,0.24451045308733113,0.0
0.0,0.0,0.0,0.0,0.053575194399099926,0.0,0.053575194399099926,0.0,V Pratap Singh,0.04821767495918994,0.0
0.0,0.0,0.0,0.0,0.28787315605353136,0.41645363700692206,0.28787315605353136,0.4164536370069221,V Shankar,0.25908584044817823,0.37480827330622984
0.0,0.0,0.0,0.0,0.06153158734880271,0.02931721314739853,0.061531587348802715,0.029317213147398533,VRV Singh,0.05537842861392244,0.026385491832658675
0.0,0.0,0.0,0.0,0.047111748633644604,0.02418589673796749,0.047111748633644604,0.02418589673796749,VS Malik,0.04240057377028014,0.02176730706417074
0.0,0.0,0.0,0.0,0.07408006557109549,0.022504943668364693,0.07408006557109549,0.02250494366836469,VS Yeligati,0.06667205901398594,0.020254449301528223
0.0,0.0,0.0,0.0,0.06806864497944339,0.014227794112590515,0.06806864497944339,0.014227794112590515,VY Mahesh,0.06126178048149905,0.012805014701331463
0.0,0.0,0.0,0.0,0.04922180314509614,0.0229448240020133,0.04922180314509613,0.0229448240020133,WA Mota,0.04429962283058653,0.020650341601811967
0.0,0.0,0.0,0.0,0.06924478693532306,0.022209422608109274,0.06924478693532306,0.022209422608109274,WD Parnell,0.06232030824179075,0.019988480347298346
0.0,0.0,0.0,0.0,0.033340597775998695,0.04225714578410072,0.033340597775998695,0.04225714578410072,Y Gnaneswara Rao,0.030006537998398825,0.03803143120569065
0.0,0.0,0.0,0.0,0.08493215958589244,0.039651013213670025,0.08493215958589244,0.03965101321367002,Y Nagar,0.07643894362730319,0.035685911892303024
0.0,0.0,0.0,0.0,0.05294438815930949,0.058061596612444505,0.052944388159309484,0.0580615966124445,Y Venugopal Rao,0.047649949343378545,0.05225543695120006
0.0,0.0,0.0,0.0,0.059345144631409705,0.0,0.0593451446314097,0.0,YA Abdulla,0.05341063016826873,0.0
0.0,0.0,0.0,0.0,0.0,0.37615397839572784,0.0,0.37615397839572784,MJ Guptill,0.0,0.33853858055615504
0.0,0.0,0.0,0.0,0.0,0.3460553822888181,0.0,0.3460553822888181,E Lewis,0.0,0.3114498440599363
0.0,0.0,0.0,0.0,0.0,0.2773790614378009,0.0,0.2773790614378009,N Pooran,0.0,0.2496411552940208
0.0,0.0,0.0,0.0,0.0,0.23274944277464918,0.0,0.2327494427746492,A Hales,0.0,0.20947449849718427
0.0,0.0,0.0,0.0,0.0,0.22383916787175073,0.0,0.2238391678717507,SS Tiwary,0.0,0.20145525108457565
0.0,0.0,0.0,0.0,0.0,0.18566632811143988,0.0,0.18566632811143988,C Ingram,0.0,0.1670996953002959
0.0,0.0,0.0,0.0,0.0,0.18037987623807564,0.0,0.18037987623807564,UT Khawaja,0.0,0.16234188861426807
0.0,0.0,0.0,0.0,0.0,0.17113757084651862,0.0,0.17113757084651862,AD Nath,0.0,0.15402381376186677
0.0,0.0,0.0,0.0,0.0,0.15888424979773624,0.0,0.15888424979773624,ER Dwivedi,0.0,0.14299582481796264
0.0,0.0,0.0,0.0,0.0,0.14265697159921426,0.0,0.14265697159921426,H Klaasen,0.0,0.12839127443929282
0.0,0.0,0.0,0.0,0.0,0.14244946817713117,0.0,0.14244946817713114,SD Lad,0.0,0.12820452135941807
0.0,0.0,0.0,0.0,0.0,0.13551129833761494,0.0,0.13551129833761494,S Singh,0.0,0.12196016850385345
0.0,0.0,0.0,0.0,0.0,0.1344196651817586,0.0,0.1344196651817586,SP Jackson,0.0,0.12097769866358274
0.0,0.0,0.0,0.0,0.0,0.13322452265685897,0.0,0.13322452265685902,R Singh,0.0,0.11990207039117308
0.0,0.0,0.0,0.0,0.0,0.1273058005777466,0.0,0.12730580057774654,P Chopra,0.0,0.11457522051997195
0.0,0.0,0.0,0.0,0.0,0.11384748302746941,0.0,0.1138474830274694,AR Bawne,0.0,0.10246273472472248
0.0,0.0,0.0,0.0,0.0,0.11156106249257731,0.0,0.11156106249257733,IR Jaggi,0.0,0.10040495624331959
0.0,0.0,0.0,0.0,0.0,0.10683788483177627,0.0,0.10683788483177628,DM Bravo,0.0,0.09615409634859864
0.0,0.0,0.0,0.0,0.0,0.09405762826865903,0.0,0.09405762826865904,F Behardien,0.0,0.08465186544179312
0.0,0.0,0.0,0.0,0.0,0.09114785980565943,0.0,0.09114785980565944,NS Naik,0.0,0.08203307382509349
0.0,0.0,0.0,0.0,0.0,0.08984392923280864,0.0,0.08984392923280864,D Shorey,0.0,0.08085953630952777
0.0,0.0,0.0,0.0,0.0,0.0759789771209425,0.0,0.0759789771209425,Vishnu Vinod,0.0,0.06838107940884824
0.0,0.0,0.0,0.0,0.0,0.06567844179675006,0.0,0.06567844179675006,N Naik,0.0,0.05911059761707505
0.0,0.0,0.0,0.0,0.0,0.0643636269042485,0.0,0.0643636269042485,MN van Wyk,0.0,0.05792726421382365
0.0,0.0,0.0,0.0,0.0,0.05848077984188934,0.0,0.05848077984188934,Kamran Akmal,0.0,0.05263270185770041
0.0,0.0,0.0,0.0,0.0,0.05844347475667103,0.0,0.05844347475667103,OA Shah,0.0,0.052599127281003924
0.0,0.0,0.0,0.0,0.0,0.05684624261583864,0.0,0.056846242615838635,PSP Handscomb,0.0,0.05116161835425478
0.0,0.0,0.0,0.0,0.0,0.05575006383682541,0.0,0.0557500638368254,Salman Butt,0.0,0.05017505745314287
0.0,0.0,0.0,0.0,0.0,0.05298436941942679,0.0,0.05298436941942679,BJ Haddin,0.0,0.04768593247748411
0.0,0.0,0.0,0.0,0.0,0.04934966830324819,0.0,0.0493496683032482,LA Pomersbach,0.0,0.044414701472923375
0.0,0.0,0.0,0.0,0.0,0.04822488991643523,0.0,0.04822488991643523,AP Majumdar,0.0,0.04340240092479171
0.0,0.0,0.0,0.0,0.0,0.04787391528886874,0.0,0.04787391528886874,R Bhui,0.0,0.043086523759981864
0.0,0.0,0.0,0.0,0.0,0.04784124078539437,0.0,0.04784124078539437,AC Blizzard,0.0,0.043057116706854935
0.0,0.0,0.0,0.0,0.0,0.0477908725382931,0.0,0.0477908725382931,SP Fleming,0.0,0.0430117852844638
0.0,0.0,0.0,0.0,0.0,0.046917555580097345,0.0,0.04691755558009735,Misbah-ul-Haq,0.0,0.04222580002208761
0.0,0.0,0.0,0.0,0.0,0.045037737899761725,0.0,0.045037737899761725,RS Sodhi,0.0,0.040533964109785554
0.0,0.0,0.0,0.0,0.0,0.04493498529899375,0.0,0.04493498529899375,YV Takawale,0.0,0.04044148676909438
0.0,0.0,0.0,0.0,0.0,0.04453467181888059,0.0,0.044534671818880586,CA Pujara,0.0,0.04008120463699254
0.0,0.0,0.0,0.0,0.0,0.04394191738311553,0.0,0.04394191738311553,Niraj Patel,0.0,0.03954772564480398
0.0,0.0,0.0,0.0,0.0,0.042813520871595866,0.0,0.042813520871595866,TR Birt,0.0,0.03853216878443628
0.0,0.0,0.0,0.0,0.0,0.04190891611834639,0.0,0.041908916118346386,DB Das,0.0,0.03771802450651175
0.0,0.0,0.0,0.0,0.0,0.041076477113029274,0.0,0.04107647711302928,BB Samantray,0.0,0.03696882940172635
0.0,0.0,0.0,0.0,0.0,0.04105576361330871,0.0,0.04105576361330871,VVS Laxman,0.0,0.036950187251977844
0.0,0.0,0.0,0.0,0.0,0.04023137250323651,0.0,0.0402313725032365,W Jaffer,0.0,0.03620823525291286
0.0,0.0,0.0,0.0,0.0,0.04015097281836864,0.0,0.04015097281836864,UBT Chand,0.0,0.036135875536531775
0.0,0.0,0.0,0.0,0.0,0.03987962010487321,0.0,0.03987962010487321,RR Sarwan,0.0,0.035891658094385895
0.0,0.0,0.0,0.0,0.0,0.0397835029459031,0.0,0.0397835029459031,MC Juneja,0.0,0.03580515265131279
0.0,0.0,0.0,0.0,0.0,0.039541762839245195,0.0,0.0395417628392452,PA Reddy,0.0,0.035587586555320676
0.0,0.0,0.0,0.0,0.0,0.03944359746017673,0.0,0.039443597460176734,M Klinger,0.0,0.035499237714159054
0.0,0.0,0.0,0.0,0.0,0.03889530644646355,0.0,0.03889530644646355,CM Gautam,0.0,0.0350057758018172
0.0,0.0,0.0,0.0,0.0,0.03867981908520106,0.0,0.038679819085201066,VH Zol,0.0,0.03481183717668095
0.0,0.0,0.0,0.0,0.0,0.03794015973493485,0.0,0.03794015973493485,Sunny Singh,0.0,0.034146143761441365
0.0,0.0,0.0,0.0,0.0,0.03766987123952969,0.0,0.03766987123952969,DH Yagnik,0.0,0.03390288411557672
0.0,0.0,0.0,0.0,0.0,0.037602896908415825,0.0,0.03760289690841583,RJ Quiney,0.0,0.03384260721757425
0.0,0.0,0.0,0.0,0.0,0.037444988705142034,0.0,0.037444988705142034,BR Dunk,0.0,0.03370048983462783
0.0,0.0,0.0,0.0,0.0,0.036654673847480265,0.0,0.036654673847480265,Anirudh Singh,0.0,0.03298920646273224
0.0,0.0,0.0,0.0,0.0,0.036299876625497614,0.0,0.03629987662549762,M Kaif,0.0,0.032669888962947854
0.0,0.0,0.0,0.0,0.0,0.03591688209562737,0.0,0.03591688209562737,AB Barath,0.0,0.03232519388606463
0.0,0.0,0.0,0.0,0.0,0.03567951241044688,0.0,0.03567951241044688,T Taibu,0.0,0.0321115611694022
0.0,0.0,0.0,0.0,0.0,0.035605949114082755,0.0,0.035605949114082755,DR Martyn,0.0,0.03204535420267448
0.0,0.0,0.0,0.0,0.0,0.03417690692705761,0.0,0.03417690692705761,DJ Jacobs,0.0,0.03075921623435185
0.0,0.0,0.0,0.0,0.0,0.03310589377582606,0.0,0.03310589377582605,RR Rossouw,0.0,0.029795304398243454
0.0,0.0,0.0,0.0,0.0,0.031234965175597127,0.0,0.031234965175597124,P Dogra,0.0,0.028111468658037413
0.0,0.0,0.0,0.0,0.0,0.031166830285794294,0.0,0.031166830285794294,PR Shah,0.0,0.028050147257214865
0.0,0.0,0.0,0.0,0.0,0.03099462749537598,0.0,0.030994627495375977,C Madan,0.0,0.027895164745838384
0.0,0.0,0.0,0.0,0.0,0.030778381875336668,0.0,0.030778381875336668,CJ Ferguson,0.0,0.027700543687803003
0.0,0.0,0.0,0.0,0.0,0.030140096682926252,0.0,0.03014009668292625,A Turner,0.0,0.027126087014633628
0.0,0.0,0.0,0.0,0.0,0.02980255567462224,0.0,0.029802555674622238,R Bishnoi,0.0,0.026822300107160017
0.0,0.0,0.0,0.0,0.0,0.02963905212861613,0.0,0.02963905212861613,MDKJ Perera,0.0,0.026675146915754518
0.0,0.0,0.0,0.0,0.0,0.029198082238351297,0.0,0.029198082238351294,DS Lehmann,0.0,0.026278274014516167
0.0,0.0,0.0,0.0,0.0,0.028473710284746715,0.0,0.02847371028474672,B Sumanth,0.0,0.025626339256272043
0.0,0.0,0.0,0.0,0.0,0.028054455375728447,0.0,0.028054455375728444,J Arunkumar,0.0,0.025249009838155603
0.0,0.0,0.0,0.0,0.0,0.02747134705934564,0.0,0.02747134705934564,DT Patil,0.0,0.024724212353411077
0.0,0.0,0.0,0.0,0.0,0.02746744736535048,0.0,0.02746744736535048,AG Paunikar,0.0,0.024720702628815434
0.0,0.0,0.0,0.0,0.0,0.02739887928160385,0.0,0.02739887928160385,Yashpal Singh,0.0,0.024658991353443464
0.0,0.0,0.0,0.0,0.0,0.027225873381862765,0.0,0.02722587338186276,A Mukund,0.0,0.02450328604367649
0.0,0.0,0.0,0.0,0.0,0.027125109787632478,0.0,0.02712510978763248,AA Bilakhia,0.0,0.02441259880886923
0.0,0.0,0.0,0.0,0.0,0.02694082512733653,0.0,0.026940825127336532,KB Arun Karthik,0.0,0.024246742614602877
0.0,0.0,0.0,0.0,0.0,0.026804800738482265,0.0,0.02680480073848226,NJ Maddinson,0.0,0.02412432066463404
0.0,0.0,0.0,0.0,0.0,0.026442236513042464,0.0,0.026442236513042464,L Ronchi,0.0,0.02379801286173822
0.0,0.0,0.0,0.0,0.0,0.026076183836528818,0.0,0.026076183836528814,RT Ponting,0.0,0.023468565452875935
0.0,0.0,0.0,0.0,0.0,0.024685233313027827,0.0,0.024685233313027827,S Chanderpaul,0.0,0.022216709981725046
0.0,0.0,0.0,0.0,0.0,0.02442510583753243,0.0,0.024425105837532428,A Chopra,0.0,0.02198259525377919
0.0,0.0,0.0,0.0,0.0,0.02420566566622037,0.0,0.02420566566622037,CA Ingram,0.0,0.021785099099598332
0.0,0.0,0.0,0.0,0.0,0.023992927738274616,0.0,0.023992927738274616,SS Shaikh,0.0,0.021593634964447155
0.0,0.0,0.0,0.0,0.0,0.022971832431682895,0.0,0.022971832431682892,Harpreet Singh,0.0,0.020674649188514607
0.0,0.0,0.0,0.0,0.0,0.02286612999289285,0.0,0.022866129992892854,X Thalaivan Sargunam,0.0,0.020579516993603567
0.0,0.0,0.0,0.0,0.0,0.021833298748277906,0.0,0.021833298748277902,M Rawat,0.0,0.019649968873450115
0.0,0.0,0.0,0.0,0.0,0.021646234709134536,0.0,0.021646234709134536,AN Ghosh,0.0,0.019481611238221085
0.0,0.0,0.0,0.0,0.0,0.02162528015466702,0.0,0.02162528015466702,MS Wade,0.0,0.019462752139200318
0.0,0.0,0.0,0.0,0.0,0.0177167137459189,0.0,0.0177167137459189,TM Srivastava,0.0,0.01594504237132701
0.0,0.0,0.0,0.0,0.0,0.01715369427361671,0.0,0.01715369427361671,UA Birla,0.0,0.01543832484625504
0.0,0.0,0.0,0.0,0.0,0.015266632078359233,0.0,0.015266632078359231,T Kohli,0.0,0.01373996887052331
0.0,0.0,0.0,0.0,0.0,0.012501758249801294,0.0,0.012501758249801294,TD Paine,0.0,0.011251582424821166
0.0,0.0,0.0,0.0,0.0,0.011984952454844093,0.0,0.011984952454844093,Younis Khan,0.0,0.010786457209359683
0.0,0.0,0.0,0.0,0.0,0.010312827761285786,0.0,0.010312827761285786,H Das,0.0,0.009281544985157208
0.0,0.0,0.0,0.0,0.0,0.005577081785108748,0.0,0.0055770817851087465,Mohammad Ashraful,0.0,0.005019373606597873
0.0,0.0,0.0,0.0,0.0,0.0,0.0,0.0,J Denly,0.0,0.0
0.0,0.0,0.0,0.0,0.0,0.0,0.0,0.0,U Kaul,0.0,0.0
