bowler,total_overs,total_runs,avg_economy,death_over,over,wide_runs,WoPerOver,noball_runs,NoPerOver,powerplay_over,wickets
A Ashish Reddy,45,400,8.888888888888891,18,45,8,0.17777777777777778,2,0.04444444444444445,1,
A Chandila,39,245,6.282051282051282,1,39,0,0.0,0,0.0,24,
A Choudhary,17,144,8.470588235294116,4,17,6,0.35294117647058826,1,0.05882352941176471,6,
A Dananjaya,4,48,12.0,0,4,1,0.25,0,0.0,1,0.0
A Flintoff,11,106,9.636363636363637,4,11,0,0.0,0,0.0,2,
A Joseph,9,94,10.444444444444443,2,9,3,0.3333333333333333,0,0.0,4,6.0
A Kumble,163,1089,6.680981595092025,30,163,26,0.15950920245398773,5,0.030674846625766868,18,
A Mishra,519,3850,7.4181117533718695,83,519,57,0.10982658959537572,20,0.03853564547206165,22,23.0
A Mithun,48,477,9.9375,13,48,15,0.3125,9,0.1875,11,
A Nehra,320,2537,7.928125,88,320,64,0.2,9,0.028125,183,
A Nel,3,31,10.333333333333334,1,3,0,0.0,0,0.0,1,
A Roy,2,14,7.0,0,2,3,1.5,0,0.0,0,1.0
A Singh,90,769,8.544444444444443,30,90,21,0.2333333333333333,1,0.011111111111111113,51,3.0
A Symonds,88,694,7.886363636363638,14,88,17,0.19318181818181815,1,0.011363636363636364,19,
A Uniyal,6,67,11.166666666666664,3,6,2,0.3333333333333333,0,0.0,2,
A Zampa,37,281,7.594594594594594,8,37,8,0.21621621621621626,0,0.0,1,
AA Chavan,42,339,8.071428571428571,3,42,8,0.19047619047619047,0,0.0,24,
AA Jhunjhunwala,15,130,8.666666666666666,1,15,3,0.2,0,0.0,5,
AA Kazi,2,21,10.5,0,2,1,0.5,0,0.0,0,
AA Noffke,4,41,10.25,2,4,5,1.25,0,0.0,1,
AB Agarkar,131,1174,8.961832061068701,31,131,37,0.2824427480916031,2,0.015267175572519085,30,
AB Dinda,255,2103,8.24705882352941,71,255,72,0.2823529411764706,14,0.054901960784313725,135,
AB McDonald,31,263,8.483870967741936,5,31,2,0.06451612903225806,0,0.0,7,
AC Gilchrist,1,0,0.0,1,1,0,0.0,0,0.0,0,
AC Thomas,53,416,7.849056603773584,19,53,10,0.18867924528301888,2,0.03773584905660377,30,
AC Voges,9,76,8.444444444444445,1,9,2,0.2222222222222222,0,0.0,2,
AD Mascarenhas,52,365,7.019230769230768,5,52,3,0.0576923076923077,0,0.0,28,
AD Mathews,133,1095,8.233082706766918,27,133,24,0.18045112781954886,1,0.0075187969924812035,21,
AD Russell,175,1584,9.051428571428572,42,175,35,0.2,4,0.022857142857142857,54,24.0
AF Milne,18,185,10.277777777777779,6,18,11,0.6111111111111112,0,0.0,7,
AG Murtaza,44,322,7.3181818181818175,4,44,9,0.20454545454545456,0,0.0,13,
AJ Finch,8,67,8.375,2,8,1,0.125,0,0.0,1,
AJ Tye,99,871,8.797979797979798,42,99,22,0.2222222222222222,2,0.020202020202020204,27,31.0
AL Menaria,19,144,7.578947368421053,4,19,4,0.21052631578947367,0,0.0,8,
AM Nayar,39,323,8.282051282051281,1,39,11,0.28205128205128205,0,0.0,1,
AM Rahane,1,5,5.0,0,1,0,0.0,0,0.0,0,
AM Salvi,25,205,8.2,5,25,10,0.4,0,0.0,11,
AN Ahmed,58,515,8.879310344827587,16,58,26,0.4482758620689655,5,0.08620689655172414,23,
AP Dole,11,114,10.363636363636363,2,11,6,0.5454545454545454,1,0.09090909090909093,5,
AR Patel,286,2183,7.6328671328671325,45,286,37,0.12937062937062938,0,0.0,43,15.0
AS Rajpoot,72,665,9.236111111111109,12,72,21,0.2916666666666667,8,0.1111111111111111,34,14.0
AS Raut,5,45,9.0,2,5,0,0.0,0,0.0,0,
AUK Pathan,7,63,9.0,3,7,6,0.8571428571428571,0,0.0,0,
Abdur Razzak,2,29,14.5,0,2,5,2.5,1,0.5,0,
Anand Rajan,25,206,8.24,7,25,12,0.48,1,0.04,7,
Ankit Sharma,64,475,7.421875,5,64,14,0.21875,1,0.015625,24,1.0
Ankit Soni,19,145,7.63157894736842,1,19,3,0.15789473684210525,0,0.0,1,
Anureet Singh,69,636,9.217391304347826,22,69,16,0.2318840579710145,6,0.08695652173913042,27,2.0
Avesh Khan,26,264,10.153846153846152,4,26,3,0.1153846153846154,1,0.038461538461538464,16,4.0
Azhar Mahmood,91,707,7.769230769230768,36,91,14,0.15384615384615385,5,0.054945054945054944,24,
B Akhil,32,246,7.6875,9,32,5,0.15625,2,0.0625,1,
B Chipli,1,20,20.0,0,1,0,0.0,0,0.0,0,
B Geeves,8,91,11.375,1,8,1,0.125,0,0.0,4,
B Kumar,439,3264,7.43507972665148,157,439,110,0.2505694760820046,8,0.018223234624145785,231,24.0
B Laughlin,28,293,10.464285714285714,12,28,10,0.35714285714285715,1,0.03571428571428571,6,9.0
B Lee,147,1126,7.659863945578232,53,147,40,0.272108843537415,13,0.08843537414965986,81,
B Stanlake,24,204,8.5,1,24,6,0.25,0,0.0,14,5.0
BA Bhatt,50,408,8.16,11,50,7,0.14,1,0.02,16,
BA Stokes,98,867,8.846938775510203,28,98,27,0.2755102040816326,2,0.020408163265306117,26,15.0
BAW Mendis,41,306,7.463414634146342,9,41,7,0.17073170731707318,1,0.024390243902439025,10,
BB Sran,81,786,9.703703703703702,15,81,32,0.3950617283950617,7,0.08641975308641975,38,6.0
BCJ Cutting,48,434,9.041666666666666,13,48,7,0.14583333333333334,0,0.0,7,3.0
BE Hendricks,25,239,9.56,9,25,10,0.4,1,0.04,10,
BJ Hodge,39,310,7.94871794871795,3,39,9,0.2307692307692308,0,0.0,6,
BJ Rohrer,1,12,12.0,0,1,1,1.0,0,0.0,0,
BMAJ Mendis,5,36,7.2,0,5,0,0.0,0,0.0,0,
BW Hilfenhaus,62,497,8.016129032258064,16,62,15,0.2419354838709677,3,0.04838709677419355,40,
Basil Thampi,68,666,9.794117647058824,25,68,11,0.16176470588235295,1,0.014705882352941175,18,5.0
Bipul Sharma,72,581,8.069444444444445,6,72,15,0.20833333333333331,0,0.0,13,
C Ganapathy,1,13,13.0,0,1,0,0.0,0,0.0,0,
C Munro,2,15,7.5,0,2,0,0.0,0,0.0,0,
C Nanda,8,58,7.25,1,8,2,0.25,0,0.0,0,
C de Grandhomme,37,338,9.135135135135137,3,37,16,0.4324324324324325,2,0.054054054054054064,2,3.0
CH Gayle,92,750,8.152173913043477,25,92,46,0.5,3,0.03260869565217391,20,
CH Morris,214,1793,8.378504672897197,82,214,50,0.2336448598130841,5,0.02336448598130841,84,16.0
CJ Anderson,50,532,10.64,15,50,21,0.42,0,0.0,12,5.0
CJ Jordan,33,316,9.575757575757576,11,33,17,0.5151515151515151,2,0.060606060606060615,8,0.0
CJ McKay,7,60,8.571428571428571,2,7,0,0.0,0,0.0,2,
CK Kapugedera,3,49,16.333333333333332,1,3,0,0.0,0,0.0,0,
CK Langeveldt,26,199,7.653846153846153,8,26,8,0.3076923076923077,1,0.038461538461538464,14,
CL White,7,86,12.285714285714285,0,7,5,0.7142857142857143,0,0.0,0,
CR Brathwaite,44,392,8.909090909090908,11,44,9,0.20454545454545456,7,0.1590909090909091,4,6.0
CR Woakes,63,603,9.571428571428571,23,63,22,0.3492063492063492,0,0.0,20,8.0
CRD Fernando,39,306,7.846153846153847,14,39,11,0.28205128205128205,8,0.20512820512820512,13,
D Kalyankrishna,8,88,11.0,1,8,2,0.25,0,0.0,0,
D Salunkhe,8,80,10.0,1,8,7,0.875,1,0.125,0,
D Short,3,27,9.0,0,3,0,0.0,0,0.0,0,1.0
D Wiese,47,409,8.702127659574469,11,47,11,0.23404255319148934,1,0.02127659574468085,10,
D Willey,10,98,9.8,3,10,1,0.1,0,0.0,4,2.0
D du Preez,7,56,8.0,1,7,0,0.0,1,0.14285714285714285,3,
DAJ Bracewell,4,32,8.0,1,4,1,0.25,0,0.0,1,
DB Ravi Teja,3,28,9.333333333333334,0,3,0,0.0,0,0.0,0,
DE Bollinger,97,716,7.381443298969072,40,97,28,0.28865979381443296,2,0.020618556701030927,54,
DJ Bravo,437,3733,8.54233409610984,193,437,124,0.2837528604118993,6,0.013729977116704805,36,31.0
DJ Harris,3,26,8.666666666666666,1,3,0,0.0,0,0.0,0,
DJ Hooda,38,318,8.368421052631579,3,38,11,0.2894736842105263,0,0.0,9,0.0
DJ Hussey,53,485,9.150943396226415,9,53,7,0.1320754716981132,0,0.0,6,
DJ Muthuswami,14,108,7.7142857142857135,1,14,0,0.0,0,0.0,12,
DJ Thornely,7,40,5.7142857142857135,0,7,2,0.2857142857142857,0,0.0,0,
DJG Sammy,40,354,8.85,9,40,7,0.175,2,0.05,4,
DL Chahar,116,923,7.956896551724138,10,116,32,0.27586206896551724,5,0.04310344827586207,94,32.0
DL Vettori,131,894,6.8244274809160315,29,131,8,0.06106870229007633,0,0.0,15,
DNT Zoysa,11,100,9.090909090909092,3,11,1,0.09090909090909093,2,0.18181818181818185,6,
DP Nannes,109,815,7.477064220183486,36,109,47,0.4311926605504587,4,0.03669724770642202,57,
DP Vijaykumar,26,205,7.884615384615384,5,26,5,0.19230769230769232,2,0.07692307692307693,17,
DR Smith,90,825,9.166666666666666,12,90,19,0.2111111111111111,4,0.04444444444444445,11,
DS Kulkarni,292,2461,8.428082191780822,56,292,99,0.339041095890411,7,0.023972602739726026,166,10.0
DT Christian,131,1067,8.145038167938932,33,131,33,0.2519083969465649,3,0.022900763358778626,29,4.0
DW Steyn,352,2454,6.971590909090909,103,352,105,0.2982954545454545,7,0.01988636363636364,183,4.0
F du Plessis,1,16,16.0,1,1,0,0.0,0,0.0,0,
FH Edwards,24,160,6.666666666666668,9,24,9,0.375,1,0.04166666666666666,13,
FY Fazal,2,20,10.0,2,2,0,0.0,0,0.0,0,
GB Hogg,77,585,7.597402597402597,16,77,17,0.2207792207792208,1,0.012987012987012988,8,
GD McGrath,54,366,6.777777777777778,13,54,4,0.07407407407407407,1,0.018518518518518517,37,
GH Vihari,6,39,6.5,0,6,1,0.16666666666666666,0,0.0,4,
GJ Maxwell,70,617,8.814285714285715,5,70,15,0.21428571428571427,0,0.0,11,5.0
GR Napier,4,28,7.0,0,4,0,0.0,0,0.0,1,
GS Sandhu,8,86,10.75,4,8,0,0.0,0,0.0,1,
Gagandeep Singh,14,142,10.142857142857142,4,14,0,0.0,0,0.0,1,
Gurkeerat Singh,13,97,7.461538461538463,0,13,4,0.3076923076923077,0,0.0,2,
H Brar,5,48,9.6,0,5,0,0.0,0,0.0,2,0.0
H Gurney,27,247,9.148148148148149,9,27,6,0.2222222222222222,1,0.037037037037037035,11,7.0
H Vihari,1,9,9.0,0,1,0,0.0,0,0.0,0,0.0
H Viljoen,23,248,10.782608695652176,7,23,12,0.5217391304347826,0,0.0,6,8.0
HH Pandya,146,1385,9.486301369863014,35,146,42,0.2876712328767123,3,0.02054794520547945,26,35.0
HV Patel,140,1262,9.014285714285714,31,140,38,0.2714285714285714,2,0.014285714285714284,38,10.0
Harbhajan Singh,563,4050,7.19360568383659,45,563,96,0.1705150976909414,3,0.0053285968028419185,124,25.0
Harmeet Singh,89,713,8.01123595505618,23,89,28,0.3146067415730337,4,0.0449438202247191,14,
Harmeet Singh (2),4,34,8.5,0,4,1,0.25,0,0.0,2,
I Malhotra,1,23,23.0,0,1,0,0.0,0,0.0,0,
I Sharma,319,2682,8.407523510971787,64,319,96,0.30094043887147337,21,0.06583072100313479,201,14.0
I Sodhi,31,207,6.67741935483871,2,31,1,0.03225806451612903,0,0.0,2,9.0
IC Pandey,77,609,7.909090909090909,6,77,5,0.06493506493506493,2,0.025974025974025976,44,
IK Pathan,345,2711,7.857971014492754,86,345,79,0.2289855072463768,1,0.0028985507246376808,153,
Imran Tahir,206,1656,8.038834951456309,54,206,36,0.17475728155339804,1,0.0048543689320388345,8,32.0
Iqbal Abdulla,154,1125,7.305194805194804,20,154,26,0.16883116883116886,0,0.0,46,
J Archer,83,676,8.144578313253012,37,83,18,0.21686746987951808,3,0.03614457831325301,31,27.0
J Behrendorff,19,174,9.157894736842103,1,19,3,0.15789473684210525,0,0.0,13,5.0
J Botha,116,818,7.051724137931035,18,116,19,0.16379310344827586,0,0.0,32,
J Dala,3,35,11.666666666666664,0,3,1,0.3333333333333333,0,0.0,1,0.0
J Searles,7,92,13.142857142857142,1,7,3,0.42857142857142855,0,0.0,1,2.0
J Suchith,45,397,8.822222222222223,1,45,9,0.2,0,0.0,8,2.0
J Syed Mohammad,32,286,8.9375,3,32,4,0.125,0,0.0,3,
J Theron,37,311,8.405405405405405,17,37,12,0.32432432432432434,2,0.054054054054054064,11,
J Yadav,37,248,6.702702702702703,1,37,2,0.054054054054054064,2,0.054054054054054064,17,1.0
JA Morkel,288,2409,8.364583333333334,55,288,85,0.2951388888888889,18,0.0625,150,
JD Ryder,40,314,7.85,5,40,6,0.15,0,0.0,1,
JD Unadkat,254,2244,8.834645669291337,82,254,34,0.13385826771653545,1,0.003937007874015748,87,23.0
JDP Oram,40,362,9.05,13,40,6,0.15,1,0.025,18,
JDS Neesham,9,96,10.666666666666666,0,9,3,0.3333333333333333,0,0.0,1,
JE Taylor,20,167,8.35,9,20,4,0.2,1,0.05,8,
JEC Franklin,26,225,8.653846153846152,4,26,2,0.07692307692307693,2,0.07692307692307693,2,
JH Kallis,291,2348,8.06872852233677,60,291,62,0.21305841924398625,9,0.030927835051546393,86,
JJ Bumrah,292,2299,7.873287671232878,122,292,41,0.1404109589041096,23,0.07876712328767123,95,38.0
JJ van der Wath,12,134,11.166666666666664,4,12,2,0.16666666666666666,2,0.16666666666666666,5,
JM Kemp,9,58,6.4444444444444455,1,9,3,0.3333333333333333,0,0.0,0,
JO Holder,36,313,8.694444444444445,4,36,9,0.25,3,0.08333333333333333,16,
JP Duminy,115,847,7.3652173913043475,11,115,32,0.2782608695652174,0,0.0,27,0.0
JP Faulkner,209,1849,8.84688995215311,80,209,50,0.23923444976076555,5,0.023923444976076555,62,
JR Hopes,60,562,9.366666666666667,18,60,9,0.15,0,0.0,3,
JW Hastings,10,66,6.6,2,10,2,0.2,1,0.1,6,
Jaskaran Singh,18,174,9.666666666666666,6,18,5,0.2777777777777778,4,0.2222222222222222,7,
Joginder Sharma,43,421,9.790697674418603,9,43,10,0.2325581395348837,7,0.16279069767441862,4,
K Ahmed,38,351,9.236842105263158,10,38,14,0.3684210526315789,0,0.0,21,20.0
K Goel,11,94,8.545454545454545,0,11,1,0.09090909090909093,0,0.0,0,
K Gowtham,60,512,8.533333333333333,1,60,5,0.08333333333333333,0,0.0,34,12.0
K Khejroliya,16,166,10.375,3,16,6,0.375,0,0.0,3,3.0
K Paul,28,261,9.321428571428571,9,28,15,0.5357142857142857,5,0.17857142857142858,1,9.0
K Rabada,70,599,8.557142857142857,32,70,24,0.3428571428571429,2,0.028571428571428567,29,28.0
K Santokie,8,91,11.375,4,8,3,0.375,0,0.0,3,
K Upadhyay,9,81,9.0,0,9,2,0.2222222222222222,0,0.0,6,
KA Pollard,202,1785,8.836633663366339,50,202,75,0.3712871287128713,7,0.034653465346534656,6,
KAJ Roach,8,80,10.0,3,8,3,0.375,1,0.125,3,
KC Cariappa,36,350,9.722222222222221,3,36,6,0.16666666666666666,2,0.05555555555555555,6,0.0
KH Pandya,159,1159,7.289308176100628,17,159,26,0.16352201257861634,1,0.006289308176100629,31,25.0
KJ Abbott,16,182,11.375,4,16,6,0.375,1,0.0625,7,
KK Cooper,96,789,8.21875,44,96,31,0.3229166666666667,1,0.010416666666666666,16,
KM Asif,6,77,12.833333333333336,1,6,2,0.3333333333333333,0,0.0,4,3.0
KMDN Kulasekara,17,122,7.1764705882352935,5,17,5,0.29411764705882354,0,0.0,11,
KP Appanna,36,291,8.083333333333334,2,36,8,0.2222222222222222,0,0.0,3,
KP Pietersen,29,218,7.517241379310344,4,29,10,0.3448275862068966,0,0.0,3,
KS Williamson,1,7,7.0,0,1,0,0.0,0,0.0,1,
KV Sharma,187,1482,7.925133689839572,13,187,13,0.06951871657754011,0,0.0,26,5.0
KW Richardson,53,450,8.49056603773585,18,53,13,0.2452830188679245,0,0.0,27,
Kamran Khan,28,248,8.857142857142858,6,28,10,0.35714285714285715,1,0.03571428571428571,14,
Karanveer Singh,34,323,9.5,4,34,9,0.2647058823529412,0,0.0,2,
Kuldeep Yadav,138,1173,8.5,21,138,23,0.16666666666666666,0,0.0,9,23.0
L Ablish,7,76,10.857142857142858,3,7,3,0.42857142857142855,0,0.0,2,
L Balaji,256,2083,8.13671875,87,256,72,0.28125,4,0.015625,75,
L Ferguson,17,192,11.294117647058822,7,17,5,0.29411764705882354,0,0.0,7,2.0
L Livingstone,1,13,13.0,0,1,0,0.0,0,0.0,0,0.0
L Ngidi,26,175,6.730769230769232,10,26,7,0.2692307692307692,0,0.0,15,13.0
L Plunkett,25,235,9.4,8,25,4,0.16,0,0.0,7,4.0
LA Carseldine,1,6,6.0,0,1,1,1.0,0,0.0,1,
LH Ferguson,13,96,7.384615384615384,2,13,9,0.6923076923076923,0,0.0,5,
LJ Wright,12,125,10.416666666666666,4,12,4,0.3333333333333333,0,0.0,1,
LMP Simmons,3,34,11.333333333333336,2,3,0,0.0,0,0.0,0,
LPC Silva,1,21,21.0,1,1,0,0.0,0,0.0,0,
LR Shukla,54,458,8.481481481481481,14,54,16,0.2962962962962963,2,0.037037037037037035,5,
LRPL Taylor,2,24,12.0,0,2,1,0.5,0,0.0,0,
M Ali,39,272,6.974358974358975,4,39,3,0.07692307692307693,0,0.0,5,13.0
M Ashwin,70,570,8.142857142857142,13,70,17,0.24285714285714285,1,0.014285714285714284,3,8.0
M Kartik,192,1418,7.385416666666668,26,192,42,0.21875,5,0.026041666666666668,30,
M Lomror,3,27,9.0,0,3,0,0.0,0,0.0,0,0.0
M Manhas,7,42,6.0,1,7,0,0.0,0,0.0,0,
M Markande,50,448,8.96,7,50,5,0.1,0,0.0,0,16.0
M Morkel,272,2136,7.852941176470589,65,272,71,0.2610294117647059,13,0.04779411764705882,151,
M Muralitharan,256,1765,6.89453125,46,256,62,0.2421875,2,0.0078125,25,
M Ntini,35,257,7.3428571428571425,6,35,2,0.057142857142857134,2,0.057142857142857134,26,
M Santner,14,105,7.5,2,14,10,0.7142857142857143,1,0.07142857142857142,4,4.0
M Ur Rahman,61,513,8.409836065573769,11,61,23,0.3770491803278688,0,0.0,20,18.0
M Vijay,6,49,8.166666666666666,0,6,1,0.16666666666666666,0,0.0,1,
M Wood,4,52,13.0,2,4,1,0.25,0,0.0,0,0.0
M de Lange,18,171,9.5,5,18,10,0.5555555555555556,2,0.1111111111111111,10,
MA Khote,5,52,10.4,2,5,0,0.0,0,0.0,0,
MA Starc,97,725,7.4742268041237105,34,97,33,0.3402061855670103,4,0.041237113402061855,49,
MB Parmar,3,33,11.0,0,3,1,0.3333333333333333,0,0.0,1,
MC Henriques,151,1255,8.311258278145695,17,151,31,0.2052980132450331,1,0.006622516556291391,29,
MF Maharoof,70,532,7.6,17,70,21,0.3,5,0.07142857142857142,28,
MG Johnson,208,1749,8.408653846153848,52,208,66,0.3173076923076923,9,0.04326923076923077,104,2.0
MG Neser,4,62,15.5,2,4,0,0.0,1,0.25,1,
MJ Clarke,11,72,6.545454545454546,1,11,0,0.0,0,0.0,0,
MJ Henry,5,71,14.2,2,5,1,0.2,0,0.0,3,
MJ McClenaghan,213,1869,8.774647887323944,62,213,68,0.3192488262910798,9,0.04225352112676056,109,19.0
MK Tiwary,7,86,12.285714285714285,2,7,5,0.7142857142857143,0,0.0,0,0.0
MM Patel,227,1733,7.634361233480176,52,227,17,0.07488986784140969,11,0.048458149779735685,109,
MM Sharma,293,2457,8.38566552901024,90,293,35,0.11945392491467575,6,0.020477815699658702,131,8.0
MN Samuels,36,285,7.916666666666668,9,36,6,0.16666666666666666,0,0.0,13,
MP Stoinis,62,588,9.483870967741936,10,62,12,0.1935483870967742,0,0.0,9,5.0
MR Marsh,54,420,7.777777777777778,13,54,10,0.1851851851851852,2,0.037037037037037035,12,
MS Gony,148,1317,8.898648648648651,20,148,32,0.21621621621621626,5,0.03378378378378378,81,
Mandeep Singh,2,26,13.0,0,2,0,0.0,0,0.0,0,0.0
Mashrafe Mortaza,4,59,14.75,2,4,2,0.5,2,0.5,2,
Mohammad Asif,32,307,9.59375,10,32,6,0.1875,1,0.03125,15,
Mohammad Hafeez,10,71,7.1,0,10,6,0.6,1,0.1,0,
Mohammad Nabi,46,314,6.826086956521738,3,46,0,0.0,0,0.0,22,9.0
Mohammed Shami,173,1599,9.242774566473988,50,173,57,0.3294797687861272,3,0.017341040462427744,79,25.0
Mohammed Siraj,93,900,9.677419354838712,36,93,37,0.3978494623655914,2,0.021505376344086027,23,20.0
Mustafizur Rahman,92,697,7.576086956521738,39,92,11,0.11956521739130435,2,0.021739130434782608,25,9.0
N Rana,16,124,7.75,1,16,3,0.1875,0,0.0,3,7.0
N Saini,48,434,9.041666666666666,15,48,6,0.125,5,0.10416666666666667,23,12.0
NB Singh,4,18,4.5,0,4,1,0.25,0,0.0,4,
ND Doshi,10,79,7.9,2,10,1,0.1,0,0.0,3,
NJ Rimmington,3,20,6.666666666666668,0,3,0,0.0,0,0.0,2,
NL McCullum,5,35,7.0,0,5,0,0.0,0,0.0,2,
NLTC Perera,119,1031,8.663865546218487,41,119,15,0.12605042016806722,3,0.025210084033613446,30,
NM Coulter-Nile,95,739,7.778947368421052,24,95,16,0.16842105263157894,7,0.07368421052631577,48,
O Thomas,10,94,9.4,2,10,1,0.1,2,0.2,6,5.0
P Amarnath,22,241,10.954545454545457,3,22,0,0.0,0,0.0,1,
P Awana,125,1046,8.368,29,125,23,0.184,6,0.048,45,
P Krishna,69,685,9.92753623188406,27,69,18,0.2608695652173913,4,0.05797101449275361,31,16.0
P Kumar,424,3342,7.882075471698112,102,424,144,0.33962264150943394,1,0.0023584905660377358,262,
P Negi,121,959,7.9256198347107425,15,121,17,0.14049586776859505,0,0.0,7,4.0
P Parameswaran,27,226,8.37037037037037,7,27,4,0.14814814814814814,1,0.037037037037037035,6,
P Prasanth,1,18,18.0,0,1,0,0.0,0,0.0,0,
P R Barman,4,56,14.0,1,4,0,0.0,0,0.0,0,0.0
P Raj,5,60,12.0,0,5,3,0.6,0,0.0,2,1.0
P Sahu,18,152,8.444444444444445,3,18,2,0.1111111111111111,0,0.0,1,
P Suyal,16,154,9.625,4,16,7,0.4375,4,0.25,10,
PC Valthaty,26,207,7.961538461538463,4,26,6,0.2307692307692308,0,0.0,0,
PD Collingwood,15,101,6.7333333333333325,4,15,1,0.06666666666666668,0,0.0,0,
PJ Cummins,61,525,8.60655737704918,20,61,21,0.3442622950819672,1,0.016393442622950817,21,
PJ Sangwan,134,1202,8.970149253731341,23,134,50,0.373134328358209,6,0.04477611940298507,55,0.0
PM Sarvesh Kumar,5,42,8.4,0,5,1,0.2,0,0.0,1,
PP Chawla,525,4153,7.9104761904761896,70,525,63,0.12,1,0.0019047619047619048,58,23.0
PP Ojha,318,2399,7.5440251572327055,49,318,69,0.2169811320754717,2,0.006289308176100629,40,
PV Tambe,110,866,7.872727272727272,13,110,19,0.17272727272727273,0,0.0,13,
Pankaj Singh,50,472,9.44,8,50,14,0.28,1,0.02,25,
Parvez Rasool,33,273,8.272727272727273,0,33,3,0.09090909090909093,0,0.0,11,
R Ashwin,489,3391,6.934560327198364,74,489,111,0.22699386503067484,2,0.00408997955010225,136,28.0
R Bhatia,274,2059,7.514598540145985,39,274,32,0.1167883211678832,2,0.007299270072992701,2,
R Dhawan,82,655,7.987804878048781,15,82,31,0.3780487804878049,3,0.03658536585365853,13,
R McLaren,59,558,9.457627118644067,14,59,19,0.3220338983050847,3,0.05084745762711865,25,
R Ninan,6,65,10.833333333333336,1,6,0,0.0,0,0.0,0,
R Parag,14,121,8.642857142857142,0,14,0,0.0,0,0.0,1,2.0
R Rampaul,44,319,7.25,9,44,8,0.18181818181818185,2,0.045454545454545456,26,
R Salam,4,45,11.25,1,4,1,0.25,2,0.5,2,0.0
R Sathish,24,233,9.708333333333334,5,24,5,0.20833333333333331,0,0.0,0,
R Sharma,155,1100,7.096774193548387,26,155,7,0.045161290322580636,0,0.0,15,
R Shukla,20,217,10.85,5,20,7,0.35,3,0.15,9,
R Tewatia,50,361,7.22,4,50,5,0.1,0,0.0,2,8.0
R Vinay Kumar,358,3043,8.5,113,358,50,0.13966480446927373,11,0.030726256983240226,126,2.0
RA Jadeja,420,3221,7.669047619047619,81,420,57,0.1357142857142857,2,0.0047619047619047615,22,27.0
RA Shaikh,1,11,11.0,0,1,0,0.0,0,0.0,1,
RA Tripathi,1,12,12.0,0,1,0,0.0,0,0.0,0,
RD Chahar,54,376,6.962962962962963,2,54,9,0.16666666666666666,0,0.0,7,13.0
RE van der Merwe,74,515,6.95945945945946,16,74,12,0.16216216216216214,0,0.0,6,
RG More,6,63,10.5,3,6,2,0.3333333333333333,0,0.0,1,
RG Sharma,56,449,8.017857142857142,8,56,15,0.26785714285714285,0,0.0,9,
RJ Harris,139,1085,7.8057553956834544,46,139,48,0.34532374100719426,1,0.007194244604316547,71,
RJ Peterson,8,70,8.75,3,8,0,0.0,0,0.0,2,
RN ten Doeschate,13,94,7.230769230769232,1,13,6,0.4615384615384616,0,0.0,0,
RP Singh,299,2417,8.08361204013378,91,299,89,0.2976588628762542,13,0.043478260869565216,167,
RR Bhatkal,2,35,17.5,0,2,0,0.0,0,0.0,1,
RR Bose,2,24,12.0,0,2,0,0.0,0,0.0,2,
RR Powar,71,538,7.577464788732394,4,71,25,0.35211267605633795,1,0.014084507042253518,22,
RR Raje,24,214,8.916666666666666,7,24,8,0.3333333333333333,1,0.04166666666666666,1,
RS Bopara,35,301,8.6,7,35,16,0.4571428571428571,0,0.0,0,
RS Gavaskar,1,8,8.0,1,1,0,0.0,0,0.0,0,
RV Gomez,16,130,8.125,2,16,1,0.0625,0,0.0,0,
RW Price,3,33,11.0,0,3,0,0.0,0,0.0,1,
Rashid Khan,183,1257,6.868852459016392,35,183,15,0.08196721311475409,0,0.0,22,42.0
S Aravind,128,1057,8.2578125,26,128,31,0.2421875,1,0.0078125,71,
S Badree,43,329,7.651162790697675,1,43,10,0.2325581395348837,0,0.0,26,
S Curran,34,336,9.882352941176473,13,34,8,0.2352941176470588,1,0.029411764705882356,10,11.0
S Dhawan,8,72,9.0,0,8,1,0.125,0,0.0,3,
S Dube,2,9,4.5,1,2,1,0.5,0,0.0,0,0.0
S Gopal,99,753,7.606060606060606,9,99,3,0.030303030303030307,1,0.010101010101010102,7,32.0
S Kaul,164,1437,8.762195121951219,55,164,26,0.15853658536585366,4,0.024390243902439025,47,30.0
S Kaushik,34,304,8.941176470588236,4,34,5,0.14705882352941174,1,0.029411764705882356,3,
S Kuggeleijn,8,73,9.125,4,8,2,0.25,0,0.0,1,2.0
S Ladda,23,225,9.782608695652174,6,23,2,0.08695652173913042,1,0.043478260869565216,3,
S Lamichhane,35,303,8.657142857142857,5,35,1,0.028571428571428567,0,0.0,12,14.0
S Mavi,28,288,10.285714285714286,7,28,11,0.3928571428571429,1,0.03571428571428571,13,7.0
S Midhun,2,32,16.0,0,2,1,0.5,0,0.0,0,0.0
S Nadeem,211,1589,7.530805687203793,20,211,25,0.11848341232227487,1,0.0047393364928909965,45,8.0
S Narwal,18,203,11.277777777777779,3,18,7,0.3888888888888889,0,0.0,11,
S Rana,3,18,6.0,1,3,0,0.0,0,0.0,0,
S Randiv,29,223,7.689655172413793,3,29,6,0.20689655172413796,0,0.0,2,
S Rutherford,7,66,9.428571428571429,1,7,5,0.7142857142857143,0,0.0,0,1.0
S Sharma,43,367,8.534883720930234,13,43,9,0.20930232558139536,0,0.0,13,13.0
S Sreesanth,148,1221,8.25,24,148,55,0.3716216216216216,27,0.18243243243243246,95,
S Sriram,3,49,16.333333333333332,0,3,0,0.0,0,0.0,0,
S Tyagi,35,304,8.685714285714285,2,35,8,0.22857142857142854,3,0.08571428571428573,28,
S Vidyut,2,22,11.0,0,2,1,0.5,0,0.0,0,
S Warrier,12,88,7.333333333333332,0,12,0,0.0,1,0.08333333333333333,9,2.0
SA Abbott,5,57,11.4,0,5,2,0.4,0,0.0,3,
SA Yadav,1,8,8.0,0,1,0,0.0,0,0.0,1,
SB Bangar,25,221,8.84,4,25,7,0.28,0,0.0,3,
SB Jakati,182,1474,8.098901098901099,23,182,27,0.14835164835164835,2,0.01098901098901099,16,
SB Joshi,10,82,8.2,2,10,0,0.0,0,0.0,0,
SB Styris,36,278,7.722222222222222,11,36,6,0.16666666666666666,0,0.0,7,
SB Wagh,17,147,8.647058823529411,2,17,6,0.35294117647058826,0,0.0,15,
SC Ganguly,46,370,8.043478260869565,2,46,3,0.06521739130434782,1,0.021739130434782608,3,
SD Chitnis,6,62,10.333333333333334,1,6,6,1.0,0,0.0,1,
SE Bond,31,225,7.258064516129032,9,31,6,0.1935483870967742,0,0.0,15,
SJ Srivastava,47,444,9.446808510638302,9,47,31,0.6595744680851063,1,0.02127659574468085,22,
SK Raina,155,1139,7.348387096774193,24,155,22,0.14193548387096774,0,0.0,11,0.0
SK Trivedi,252,1944,7.7142857142857135,52,252,55,0.21825396825396826,9,0.03571428571428571,21,
SK Warne,199,1465,7.3618090452261296,36,199,39,0.19597989949748745,0,0.0,6,
SL Malinga,478,3511,7.345188284518827,193,478,152,0.3179916317991632,20,0.04184100418410042,185,18.0
SM Boland,7,56,8.0,3,7,1,0.14285714285714285,0,0.0,3,
SM Harwood,10,74,7.4,4,10,12,1.2,0,0.0,3,
SM Pollock,46,307,6.673913043478262,1,46,4,0.08695652173913042,0,0.0,34,
SMSM Senanayake,32,211,6.59375,4,32,3,0.09375,0,0.0,21,
SN Khan,1,6,6.0,1,1,0,0.0,0,0.0,0,0.0
SN Thakur,119,1107,9.302521008403364,38,119,41,0.3445378151260504,0,0.0,48,26.0
SP Narine,429,2939,6.8508158508158505,134,429,57,0.13286713286713284,2,0.004662004662004662,116,28.0
SPD Smith,1,5,5.0,1,1,0,0.0,0,0.0,0,
SR Tendulkar,6,59,9.833333333333334,1,6,1,0.16666666666666666,0,0.0,0,
SR Watson,341,2751,8.067448680351907,99,341,98,0.2873900293255132,13,0.03812316715542522,139,7.0
SS Agarwal,4,42,10.5,0,4,0,0.0,0,0.0,1,
SS Mundhe,1,6,6.0,0,1,1,1.0,0,0.0,1,
SS Sarkar,5,34,6.8,3,5,0,0.0,0,0.0,1,
ST Jayasuriya,49,396,8.081632653061224,10,49,15,0.30612244897959184,0,0.0,1,
STR Binny,99,767,7.7474747474747465,10,99,16,0.16161616161616166,1,0.010101010101010102,26,1.0
SW Tait,81,668,8.246913580246913,27,81,69,0.8518518518518519,14,0.1728395061728395,38,
Sachin Baby,2,8,4.0,1,2,0,0.0,0,0.0,0,
Sandeep Sharma,249,1967,7.899598393574298,49,249,50,0.2008032128514056,7,0.028112449799196783,157,14.0
Shahid Afridi,30,237,7.9,6,30,4,0.13333333333333333,1,0.03333333333333333,4,
Shakib Al Hasan,224,1685,7.522321428571429,35,224,35,0.15625,0,0.0,64,18.0
Shivam Sharma,19,165,8.684210526315791,4,19,0,0.0,0,0.0,0,
Shoaib Ahmed,17,154,9.058823529411764,3,17,1,0.05882352941176471,0,0.0,3,
Shoaib Akhtar,7,54,7.7142857142857135,0,7,4,0.5714285714285714,0,0.0,7,
Shoaib Malik,9,87,9.666666666666666,3,9,7,0.7777777777777778,1,0.1111111111111111,0,
Sohail Tanvir,42,275,6.547619047619048,18,42,19,0.4523809523809524,1,0.023809523809523808,22,
Sunny Gupta,3,47,15.666666666666664,0,3,2,0.6666666666666666,0,0.0,1,
Swapnil Singh,10,90,9.0,0,10,1,0.1,0,0.0,0,
T Curran,11,121,11.0,4,11,1,0.09090909090909093,2,0.18181818181818185,2,6.0
T Henderson,6,41,6.833333333333332,3,6,0,0.0,0,0.0,0,
T Natarajan,13,116,8.923076923076922,2,13,6,0.4615384615384616,0,0.0,4,
T Shamsi,16,151,9.4375,3,16,0,0.0,0,0.0,0,
T Thushara,23,164,7.130434782608695,8,23,7,0.3043478260869565,2,0.08695652173913042,10,
TA Boult,128,1168,9.125,47,128,39,0.3046875,1,0.0078125,66,25.0
TG Southee,148,1340,9.054054054054054,40,148,45,0.3040540540540541,3,0.020270270270270268,82,9.0
TL Suman,25,198,7.92,4,25,0,0.0,2,0.08,1,
TM Dilshan,46,368,8.0,5,46,5,0.10869565217391304,0,0.0,7,
TM Head,9,81,9.0,3,9,0,0.0,0,0.0,0,
TP Sudhindra,12,137,11.416666666666664,4,12,3,0.25,1,0.08333333333333333,4,
TS Mills,18,157,8.722222222222221,7,18,9,0.5,0,0.0,7,
Tejas Baroka,4,33,8.25,1,4,0,0.0,0,0.0,1,
UT Yadav,416,3640,8.75,117,416,110,0.2644230769230769,19,0.04567307692307692,176,29.0
Umar Gul,23,198,8.608695652173912,8,23,12,0.5217391304347826,6,0.2608695652173913,6,
V Chakravarthy,3,35,11.666666666666664,0,3,0,0.0,0,0.0,1,1.0
V Kohli,43,371,8.627906976744184,5,43,8,0.18604651162790695,6,0.13953488372093026,0,
V Pratap Singh,34,300,8.823529411764708,7,34,7,0.2058823529411765,0,0.0,16,
V Sehwag,23,236,10.26086956521739,4,23,1,0.043478260869565216,1,0.043478260869565216,2,
V Shankar,14,154,11.0,3,14,6,0.42857142857142855,1,0.07142857142857142,0,2.0
VR Aaron,155,1392,8.980645161290322,35,155,64,0.4129032258064516,6,0.03870967741935484,55,4.0
VRV Singh,60,549,9.15,18,60,7,0.11666666666666667,4,0.06666666666666668,13,
VS Malik,35,268,7.6571428571428575,2,35,5,0.14285714285714285,2,0.057142857142857134,21,
VS Yeligati,5,61,12.2,1,5,6,1.2,0,0.0,1,
VY Mahesh,58,511,8.810344827586208,12,58,14,0.2413793103448276,7,0.1206896551724138,13,
WA Mota,12,98,8.166666666666666,4,12,2,0.16666666666666666,1,0.08333333333333333,0,
WD Parnell,97,731,7.536082474226804,36,97,45,0.4639175257731959,5,0.05154639175257732,45,
WPUJC Vaas,48,364,7.583333333333332,8,48,8,0.16666666666666666,2,0.04166666666666666,33,
Washington Sundar,59,467,7.915254237288137,3,59,8,0.13559322033898305,0,0.0,25,8.0
Y Gnaneswara Rao,1,7,7.0,0,1,0,0.0,0,0.0,0,
Y Nagar,11,125,11.363636363636365,0,11,4,0.3636363636363637,4,0.3636363636363637,1,
Y Venugopal Rao,36,338,9.388888888888891,4,36,8,0.2222222222222222,0,0.0,7,
YA Abdulla,35,311,8.885714285714286,10,35,12,0.3428571428571429,1,0.028571428571428567,14,
YK Pathan,193,1443,7.476683937823834,15,193,43,0.22279792746113988,0,0.0,59,1.0
YS Chahal,301,2416,8.0265780730897,40,301,60,0.19933554817275748,6,0.019933554817275743,54,30.0
Yuvraj Singh,146,1092,7.479452054794519,20,146,12,0.0821917808219178,1,0.00684931506849315,0,0.0
Z Khan,371,2860,7.708894878706199,103,371,89,0.2398921832884097,2,0.005390835579514825,217,
