,batsman,no of balls,batsman_runs,SRR,avg.runs,50's,100's,fours,sixes,30's,value
0,A Ashish Reddy,0.0558259375894646,0.0615655233069481,0.612244897959183,0.327195067897004,0.0,0.0,0.0346232179226069,0.057471264367816,0.0317460317460317,0.29665174008367556
1,A Chandila,0.00171772115659891,0.000879507475813544,0.244897959183673,0.0537534754402224,0.0,0.0,0.0,0.0,0.0,0.08976926719257991
2,A Chopra,0.0211852275980532,0.0116534740545294,0.302857142857142,0.237411183194315,0.0,0.0,0.0142566191446028,0.0,0.0,0.1653030699409149
3,A Choudhary,0.00543945032922988,0.00549692172383465,0.535714285714285,0.22397281433426,0.0,0.0,0.0020366598778004,0.00383141762452107,0.0,0.22910024595232575
4,A Flintoff,0.0160320641282565,0.0136323658751099,0.466165413533834,0.555452579548963,0.0,0.0,0.0122199592668024,0.00766283524904214,0.0,0.30996540498238156
5,A Kumble,0.0137417692527912,0.00769569041336851,0.306122448979591,0.0627123880135928,0.0,0.0,0.00814663951120162,0.0,0.0,0.11267737336771567
6,A Mishra,0.10907529344403,0.0747581354441512,0.381451009723261,0.186491649486486,0.0,0.0,0.0570264765784114,0.0191570881226053,0.0317460317460317,0.18845365462738584
7,A Mithun,0.00715717148582879,0.00747581354441512,0.56043956043956,0.152301513747296,0.0,0.0,0.00814663951120162,0.00383141762452107,0.0,0.21572791200804514
8,A Mukund,0.00629831090752934,0.00417766051011433,0.354037267080745,0.255329008341056,0.0,0.0,0.0020366598778004,0.0,0.0,0.18368513041437423
9,A Nehra,0.0177497852848554,0.00901495162708883,0.27891156462585,0.0648203674426211,0.0,0.0,0.00610997963340122,0.00383141762452107,0.0,0.10556614767930231
10,A Singh,0.00257658173489836,0.000439753737906772,0.0857142857142857,0.0107506950880444,0.0,0.0,0.0,0.0,0.0,0.029112298701234624
11,A Symonds,0.223303750357858,0.214160070360598,0.53447960490214,0.727165070538563,0.153846153846153,0.2,0.15274949083503,0.157088122605363,0.222222222222222,0.4505769642855527
12,A Uniyal,0.00171772115659891,0.000879507475813544,0.244897959183673,0.0537534754402224,0.0,0.0,0.0,0.0,0.0,0.08976926719257991
13,A Zampa,0.00200400801603206,0.00109938434476693,0.267857142857142,0.134383688600556,0.0,0.0,0.0,0.0,0.0,0.12088238827258768
14,AA Bilakhia,0.0249069567706842,0.0151715039577836,0.336038961038961,0.264927843241096,0.0,0.0,0.010183299389002,0.0,0.0,0.18376537047555982
15,AA Chavan,0.00601202404809619,0.00527704485488126,0.467532467532467,0.215013901760889,0.0,0.0,0.00407331975560081,0.00383141762452107,0.0,0.20610723391626307
16,AA Jhunjhunwala,0.0621242484969939,0.0477132805628847,0.426605504587155,0.388816805684274,0.0256410256410256,0.0,0.0407331975560081,0.0191570881226053,0.0317460317460317,0.25906908524294636
17,AA Noffke,0.00314915545376467,0.00197889182058047,0.321428571428571,0.241890639481001,0.0,0.0,0.0020366598778004,0.0,0.0,0.1694936764190639
18,AB Agarkar,0.0455196106498711,0.0393579595426561,0.479464285714285,0.26727422510555,0.0,0.0,0.0264765784114052,0.0191570881226053,0.0158730158730158,0.23323611550886433
19,AB Barath,0.0120240480961923,0.00923482849604221,0.41860465116279,0.376274328081557,0.0,0.0,0.010183299389002,0.00383141762452107,0.0158730158730158,0.24093109504241936
20,AB de Villiers,0.687374749498998,0.766490765171503,0.621981681931723,0.794002607561929,0.666666666666666,0.6,0.592668024439918,0.593869731800766,0.698412698412698,0.6915987131257024
21,AB Dinda,0.0140280561122244,0.00571679859278803,0.222857142857142,0.0436746987951807,0.0,0.0,0.00407331975560081,0.0,0.0,0.08151776754347889
22,AB McDonald,0.0292012596621815,0.0270448548812664,0.511789181692094,0.367315415508185,0.0,0.0,0.0183299389002036,0.0153256704980842,0.0317460317460317,0.2700985635842187
23,Abdur Razzak,0.000286286859433152,0.0,0.0,0.0,0.0,0.0,0.0,0.0,0.0,1.43143429716576e-05
24,AC Blizzard,0.0257658173489836,0.0263852242744063,0.565149136577707,0.460744075201905,0.0256410256410256,0.0,0.0448065173116089,0.00766283524904214,0.0317460317460317,0.31785510571963116
25,AC Gilchrist,0.444889779559118,0.454925241864555,0.570234267340376,0.695099629286377,0.333333333333333,0.4,0.488798370672097,0.352490421455938,0.412698412698412,0.5440358267201738
26,AC Thomas,0.0921843687374749,0.0747581354441512,0.451127819548872,0.160317382891891,0.0,0.0,0.0448065173116089,0.0651340996168582,0.0158730158730158,0.20256309490234187
27,AC Voges,0.0406527340395075,0.0397977132805628,0.542457542457542,0.694955646762874,0.0,0.0,0.0325865580448065,0.0114942528735632,0.0317460317460317,0.3802070790317067
28,AD Mascarenhas,0.0223303750357858,0.0173702726473175,0.428571428571428,0.193023843626253,0.0,0.0,0.010183299389002,0.00383141762452107,0.0,0.19027484369052675
29,AD Mathews,0.171199541941024,0.159190853122251,0.518006200810875,0.474603856325865,0.0256410256410256,0.0,0.0916496945010183,0.111111111111111,0.126984126984126,0.3379083273961388
30,AD Nath,0.0077297452046951,0.00439753737906772,0.306122448979591,0.134383688600556,0.0,0.0,0.0020366598778004,0.0,0.0,0.13312064846363167
31,AD Russell,0.09991411394217,0.126209322779243,0.702857142857142,0.617089898053754,0.0769230769230769,0.0,0.10183299389002,0.141762452107279,0.158730158730158,0.4369271146393474
32,AF Milne,0.00314915545376467,0.0015391380826737,0.25,0.0627123880135928,0.0,0.0,0.0,0.0,0.0,0.09412508798503344
33,AG Murtaza,0.00572573718866304,0.00329815303430079,0.306122448979591,0.403151065801668,0.0,0.0,0.00814663951120162,0.0,0.0,0.21396842136302505
34,AG Paunikar,0.0171772115659891,0.0107739665787159,0.344262295081967,0.26339202965709,0.0,0.0,0.0183299389002036,0.0,0.0,0.18551565038090237
35,AJ Finch,0.363298024620669,0.352682497801231,0.541282339707536,0.673598239110288,0.333333333333333,0.0,0.35234215885947,0.226053639846743,0.333333333333333,0.4894578275008046
36,AJ Tye,0.00830231892356141,0.0116534740545294,0.757142857142857,0.47482236638863,0.0,0.0,0.00814663951120162,0.0114942528735632,0.0,0.372429950349275
37,AL Menaria,0.104780990552533,0.0881706244503078,0.468275593616193,0.468590079381068,0.0,0.0,0.0488798370672097,0.0651340996168582,0.0793650793650793,0.3024454484435519
38,AM Nayar,0.16805038648726,0.147757255936675,0.489795918367346,0.361223354958295,0.0,0.0,0.116089613034623,0.0766283524904214,0.0952380952380952,0.29120800097757166
39,AM Rahane,0.744632121385628,0.672163588390501,0.503513780608323,0.782497021051238,0.666666666666666,0.2,0.661914460285132,0.229885057471264,0.682539682539682,0.6210449877411015
40,AN Ahmed,0.0160320641282565,0.0167106420404573,0.571428571428571,0.185693824248041,0.0,0.0,0.010183299389002,0.0191570881226053,0.0,0.23147164235802864
41,AN Ghosh,0.00200400801603206,0.0015391380826737,0.375,0.0940685820203893,0.0,0.0,0.0020366598778004,0.0,0.0,0.14111725500663178
42,Anirudh Singh,0.0194675064414543,0.0138522427440633,0.391304347826087,0.423308619091752,0.0,0.0,0.0122199592668024,0.00383141762452107,0.0158730158730158,0.24782777187797814
43,Ankit Sharma,0.0326367019753793,0.0318821459982409,0.540372670807453,0.487140871177016,0.0256410256410256,0.0,0.0448065173116089,0.0114942528735632,0.0317460317460317,0.3194643262422628
44,Ankit Soni,0.00229029487546521,0.0015391380826737,0.333333333333333,0.0627123880135928,0.0,0.0,0.0,0.00383141762452107,0.0,0.11931203001358963
45,Anureet Singh,0.0120240480961923,0.00725593667546174,0.328903654485049,0.126704620680524,0.0,0.0,0.00407331975560081,0.00383141762452107,0.0,0.138524296062391
46,AP Dole,0.00629831090752934,0.00747581354441512,0.633540372670807,0.456904541241891,0.0,0.0,0.00610997963340122,0.00383141762452107,0.0158730158730158,0.3288535547054367
47,AP Majumdar,0.0217578013169195,0.0191292875989445,0.484230055658627,0.584569045412419,0.0,0.0,0.0142566191446028,0.00766283524904214,0.0317460317460317,0.325098282602119
48,AP Tare,0.0813054680790151,0.0745382585751979,0.509774436090225,0.33745237359695,0.0256410256410256,0.0,0.0835030549898167,0.0421455938697317,0.0317460317460317,0.2766251942131967
49,AR Bawne,0.0,0.000219876868953386,0.428571428571428,0.0268767377201112,0.0,0.0,0.0,0.0,0.0,0.1366564375743571
50,AR Patel,0.141139421700543,0.133245382585752,0.525737420474262,0.387792929961604,0.0,0.0,0.0692464358452138,0.10727969348659,0.111111111111111,0.3057246465927225
51,AS Rajpoot,0.0108789006584597,0.00395778364116095,0.197802197802197,0.0806302131603337,0.0,0.0,0.0020366598778004,0.0,0.0,0.0846120128772443
52,AS Raut,0.0489550529630689,0.0426561125769569,0.483388704318936,0.325880444856348,0.0,0.0,0.0264765784114052,0.0268199233716475,0.0317460317460317,0.2529566645495316
53,AS Yadav,0.0111651875178929,0.0107739665787159,0.525,0.219493358047575,0.0,0.0,0.010183299389002,0.00766283524904214,0.0,0.2261562645202114
54,AT Rayudu,0.561981105067277,0.53122251539138,0.527203956939191,0.618420936493226,0.358974358974359,0.0,0.419551934826883,0.302681992337164,0.555555555555555,0.5083357656977745
55,AUK Pathan,0.00314915545376467,0.00395778364116095,0.642857142857142,0.1209453197405,0.0,0.0,0.00610997963340122,0.0,0.0,0.230121673490435
56,Azhar Mahmood,0.0887489264242771,0.0853122251539138,0.534680753330271,0.496579725495386,0.0512820512820512,0.0,0.0814663951120162,0.0498084291187739,0.0793650793650793,0.336166171017475
57,B Akhil,0.00744345834526195,0.0079155672823219,0.571428571428571,0.161260426320667,0.0,0.0,0.00814663951120162,0.00383141762452107,0.0,0.22177057879352208
58,B Chipli,0.0730031491554537,0.0615655233069481,0.46875,0.358356502934815,0.0256410256410256,0.0,0.0590631364562118,0.0268199233716475,0.0317460317460317,0.2662463781872482
59,B Kumar,0.0455196106498711,0.034740545294635,0.423214285714285,0.128682562417502,0.0,0.0,0.0305498981670061,0.0114942528735632,0.0,0.17414723754559738
60,B Laughlin,0.00229029487546521,0.000879507475813544,0.19047619047619,0.0537534754402224,0.0,0.0,0.0,0.0,0.0,0.07347136526627833
61,B Lee,0.0289149728027483,0.0272647317502198,0.521008403361344,0.175406077752304,0.0,0.0,0.0162932790224032,0.0306513409961685,0.0,0.2160761761405921
62,B Sumanth,0.0105926137990266,0.00769569041336851,0.394736842105263,0.235171455050973,0.0,0.0,0.00610997963340122,0.0,0.0,0.19069938745249707
63,BA Bhatt,0.00171772115659891,0.00131926121372031,0.36734693877551,0.161260426320667,0.0,0.0,0.0020366598778004,0.0,0.0,0.1589425878995011
64,BA Stokes,0.0647008302318923,0.06948109058927,0.596601636249213,0.772095374505013,0.0512820512820512,0.2,0.0448065173116089,0.057471264367816,0.0634920634920634,0.43650519099887614
65,Basil Thampi,0.00830231892356141,0.00615655233069481,0.4,0.150509731232622,0.0,0.0,0.0020366598778004,0.00383141762452107,0.0,0.16655614179795145
66,BAW Mendis,0.00143143429716576,0.000659630606860158,0.214285714285714,0.0403151065801668,0.0,0.0,0.0,0.0,0.0,0.07651778103530854
67,BB McCullum,0.624105353564271,0.605760773966578,0.541363725682845,0.718887499212682,0.384615384615384,0.4,0.566191446028513,0.471264367816091,0.65079365079365,0.5842275142960291
68,BB Samantray,0.0329229888348124,0.0274846086191732,0.461822660098522,0.419949026876738,0.0256410256410256,0.0,0.0264765784114052,0.00766283524904214,0.0317460317460317,0.2738033495640794
69,BB Sran,0.0,0.000219876868953386,0.428571428571428,0.0268767377201112,0.0,0.0,0.0,0.0,0.0,0.1366564375743571
70,BCJ Cutting,0.0197537933008874,0.0272647317502198,0.759183673469387,0.416589434661724,0.0,0.0,0.0183299389002036,0.0383141762452107,0.0158730158730158,0.36002804157712653
71,BE Hendricks,0.000572573718866304,0.000219876868953386,0.142857142857142,0.0268767377201112,0.0,0.0,0.0,0.0,0.0,0.0509707805460146
72,Bipul Sharma,0.0352132837102776,0.0411169744942832,0.646313364055299,0.295644114921223,0.0,0.0,0.0224032586558044,0.0344827586206896,0.0158730158730158,0.2920967989510465
73,BJ Haddin,0.00286286859433152,0.00395778364116095,0.701298701298701,0.483781278962002,0.0,0.0,0.00407331975560081,0.00383141762452107,0.0,0.3565779333124069
74,BJ Hodge,0.329802462066991,0.30782761653474,0.520381613183,0.597260838224693,0.153846153846153,0.0,0.25458248472505,0.164750957854406,0.333333333333333,0.4256560669657645
75,BJ Rohrer,0.041511594617807,0.0424362357080035,0.566536203522504,0.648401297497683,0.0256410256410256,0.0,0.0448065173116089,0.0191570881226053,0.0476190476190476,0.37765043767101836
76,BMAJ Mendis,0.00744345834526195,0.00505716798592788,0.365079365079365,0.206054989187519,0.0,0.0,0.0,0.0,0.0,0.1722181959959211
77,BR Dunk,0.0100200400801603,0.00879507475813544,0.476190476190476,0.358356502934815,0.0,0.0,0.0142566191446028,0.0,0.0,0.252742566557531
78,C de Grandhomme,0.0260521042084168,0.0277044854881266,0.58695652173913,0.376274328081557,0.0,0.0,0.020366598778004,0.0229885057471264,0.0317460317460317,0.29584728096472745
79,C Madan,0.00372172917263097,0.00219876868953386,0.306122448979591,0.089589125733704,0.0,0.0,0.0020366598778004,0.0,0.0,0.11926200193301947
80,C Munro,0.115087317492127,0.0857519788918205,0.414746543778801,0.476451259583789,0.0256410256410256,0.0,0.10386965376782,0.0153256704980842,0.0634920634920634,0.2924434233303004
81,C Nanda,0.000286286859433152,0.0,0.0,0.0,0.0,0.0,0.0,0.0,0.0,1.43143429716576e-05
82,CA Ingram,0.00715717148582879,0.0046174142480211,0.346153846153846,0.188137164040778,0.0,0.0,0.00610997963340122,0.0,0.0,0.16153460163181882
83,CA Lynn,0.0741482965931863,0.0844327176781002,0.632967032967033,0.860055607043559,0.0769230769230769,0.0,0.0631364562118126,0.0881226053639846,0.0793650793650793,0.4774566945496206
84,CA Pujara,0.00858860578299456,0.00659630606860158,0.414746543778801,0.268767377201112,0.0,0.0,0.00814663951120162,0.0,0.0,0.2067135019557679
85,CH Gayle,0.724592041225307,0.802770448548812,0.617975626269465,0.981269694161261,0.692307692307692,1.0,0.623217922606924,1.0,0.714285714285714,0.7891362668586182
86,CH Morris,0.0784425994846836,0.0965259454705365,0.684155844155844,0.421388852111743,0.0512820512820512,0.0,0.0672097759674134,0.0842911877394635,0.0793650793650793,0.3601284941118557
87,CJ Anderson,0.118236472945891,0.114555848724714,0.539337474120082,0.538568475083766,0.0769230769230769,0.0,0.0814663951120162,0.114942528735632,0.111111111111111,0.3610307003552071
88,CJ Ferguson,0.0337818494131119,0.0215479331574318,0.352941176470588,0.329240037071362,0.0,0.0,0.0183299389002036,0.0,0.0,0.20978134557199798
89,CJ Jordan,0.00543945032922988,0.00263852242744063,0.257142857142857,0.107506950880444,0.0,0.0,0.0,0.0,0.0,0.10993076716619586
90,CJ McKay,0.00400801603206412,0.00175901495162708,0.228571428571428,0.215013901760889,0.0,0.0,0.0,0.0,0.0,0.13345190139646101
91,CK Kapugedera,0.0100200400801603,0.00527704485488126,0.285714285714285,0.0537534754402224,0.0,0.0,0.0020366598778004,0.0,0.0,0.10301160102729438
92,CK Langeveldt,0.00229029487546521,0.00175901495162708,0.38095238095238,0.107506950880444,0.0,0.0,0.0,0.00383141762452107,0.0,0.14705810084625442
93,CL White,0.221299742341826,0.213500439753737,0.537652270210409,0.579940273916176,0.153846153846153,0.0,0.15274949083503,0.1455938697318,0.238095238095238,0.4025055062574158
94,CM Gautam,0.0449470369310048,0.0371591908531222,0.458408679927667,0.349397590361446,0.0,0.0,0.0386965376782077,0.0229885057471264,0.0476190476190476,0.2523932200008985
95,CR Brathwaite,0.0157457772688233,0.0208883025505716,0.72704081632653,0.319161260426321,0.0,0.0,0.0162932790224032,0.0306513409961685,0.0158730158730158,0.31971635213569194
96,CR Woakes,0.0131691955339249,0.0101143359718557,0.419452887537993,0.176618562160731,0.0,0.0,0.00814663951120162,0.00383141762452107,0.0,0.1812914781067544
97,CRD Fernando,0.00229029487546521,0.00263852242744063,0.571428571428571,0.161260426320667,0.0,0.0,0.0,0.00383141762452107,0.0,0.22041495136876
98,D du Preez,0.00715717148582879,0.00439753737906772,0.329670329670329,0.179178251467408,0.0,0.0,0.0,0.0,0.0,0.1534521866535193
99,D Kalyankrishna,0.00429430289149728,0.00131926121372031,0.160714285714285,0.0806302131603337,0.0,0.0,0.0,0.0,0.0,0.07274999092833251
100,D Salunkhe,0.0157457772688233,0.0169305189094107,0.589285714285714,0.229945422716507,0.0,0.0,0.010183299389002,0.0153256704980842,0.0,0.24988205304216374
101,D Wiese,0.0266246779272831,0.02792436235708,0.5790273556231,0.426668211306765,0.0,0.0,0.0264765784114052,0.0153256704980842,0.0158730158730158,0.3086052409297151
102,DA Miller,0.324649298597194,0.343667546174142,0.590182504719949,0.656380329008341,0.23076923076923,0.2,0.219959266802443,0.295019157088122,0.317460317460317,0.48474329084414225
103,DA Warner,0.830518179215574,0.882585751978891,0.592793147582947,0.946344080776546,1.0,0.6,0.822810590631364,0.601532567049808,0.904761904761904,0.7972143480336996
104,DAJ Bracewell,0.000572573718866304,0.000879507475813544,0.571428571428571,0.0537534754402224,0.0,0.0,0.0,0.0,0.0,0.18767119349416267
105,DB Das,0.0761523046092184,0.0668425681618293,0.487961476725521,0.371387648496082,0.0,0.0,0.0468431771894093,0.0613026819923371,0.0317460317460317,0.2752537929359236
106,DB Ravi Teja,0.0927569424563412,0.0824538258575198,0.494505494505494,0.403151065801668,0.0256410256410256,0.0,0.0733197556008146,0.0344827586206896,0.0793650793650793,0.2919456487741186
107,DE Bollinger,0.0128829086744918,0.00923482849604221,0.391304347826087,0.376274328081557,0.0,0.0,0.00610997963340122,0.00383141762452107,0.0,0.23249881468743133
108,DH Yagnik,0.0403664471800744,0.0373790677220756,0.513078470824949,0.268767377201112,0.0,0.0,0.0468431771894093,0.00766283524904214,0.0317460317460317,0.24404877605723072
109,DJ Bravo,0.295161752075579,0.277484608619173,0.524086378737541,0.418746209910867,0.102564102564102,0.0,0.211812627291242,0.183908045977011,0.222222222222222,0.36147410198563645
110,DJ Harris,0.0292012596621815,0.0244063324538258,0.461858529819694,0.745829471733087,0.0,0.0,0.0224032586558044,0.0191570881226053,0.0317460317460317,0.36892475008758857
111,DJ Hooda,0.0790151732035499,0.082014072119613,0.577101598762248,0.334167438986715,0.0256410256410256,0.0,0.0386965376782077,0.0766283524904214,0.0476190476190476,0.29540343854783
112,DJ Hussey,0.314915545376467,0.290677220756376,0.514597119501751,0.58247618468831,0.128205128205128,0.0,0.183299389002036,0.229885057471264,0.301587301587301,0.41338006410041034
113,DJ Jacobs,0.0286286859433151,0.0202286719437115,0.39038189533239,0.35323712432146,0.0,0.0,0.020366598778004,0.0153256704980842,0.0158730158730158,0.2288852095320372
114,DJ Muthuswami,0.000572573718866304,0.000219876868953386,0.142857142857142,0.0134383688600556,0.0,0.0,0.0,0.0,0.0,0.046939269887997924
115,DJ Thornely,0.015173203549957,0.00857519788918206,0.309523809523809,0.262048192771084,0.0,0.0,0.010183299389002,0.00766283524904214,0.0158730158730158,0.17426038172705663
116,DJG Sammy,0.071571714858288,0.0648636763412489,0.503699487763232,0.39643188137164,0.0256410256410256,0.0,0.0305498981670061,0.0689655172413793,0.0158730158730158,0.2889448905877766
117,DL Chahar,0.00143143429716576,0.0030782761653474,1.0,0.376274328081557,0.0,0.0,0.0,0.00766283524904214,0.0,0.4137214678708026
118,DL Vettori,0.0334955625536787,0.0266051011433597,0.439467312348668,0.203255329008341,0.0,0.0,0.0244399185336048,0.00766283524904214,0.0,0.19932264506141745
119,DM Bravo,0.00830231892356141,0.0079155672823219,0.514285714285714,0.1935125115848,0.0,0.0,0.0020366598778004,0.00766283524904214,0.0,0.21414847674195303
120,DNT Zoysa,0.00229029487546521,0.00241864555848724,0.523809523809523,0.147822057460611,0.0,0.0,0.0020366598778004,0.0,0.0,0.2019884198721082
121,DP Nannes,0.00343544231319782,0.000879507475813544,0.131868131868131,0.0537534754402224,0.0,0.0,0.0,0.0,0.0,0.05594620505574727
122,DP Vijaykumar,0.0011451474377326,0.00109938434476693,0.428571428571428,0.033595922150139,0.0,0.0,0.0,0.0,0.0,0.1388174010228334
123,DPMD Jayawardene,0.435442313197824,0.397537379067722,0.509104561666979,0.622988997409755,0.282051282051282,0.2,0.409368635437881,0.153256704980842,0.365079365079365,0.471210256274314
124,DR Martyn,0.00715717148582879,0.00417766051011433,0.313186813186813,0.510658016682113,0.0,0.0,0.0020366598778004,0.0,0.0,0.2480716397774267
125,DR Smith,0.51588892069854,0.524406332453825,0.566912289042072,0.728420675709832,0.435897435897435,0.0,0.507128309572301,0.448275862068965,0.555555555555555,0.5728202456898231
126,DS Kulkarni,0.0286286859433151,0.0197889182058047,0.381895332390381,0.151181649675625,0.0,0.0,0.0122199592668024,0.00766283524904214,0.0,0.1646485880011667
127,DS Lehmann,0.00515316346979673,0.00395778364116095,0.406015037593984,0.241890639481001,0.0,0.0,0.00610997963340122,0.0,0.0,0.1954528382344395
128,DT Christian,0.100200400801603,0.0923482849604221,0.512820512820512,0.364136446530536,0.0,0.0,0.0448065173116089,0.0651340996168582,0.0317460317460317,0.2843764385302609
129,DT Patil,0.00601202404809619,0.00483729111697449,0.428571428571428,0.147822057460611,0.0,0.0,0.0020366598778004,0.0,0.0,0.17384494231516
130,DW Steyn,0.0458058975093043,0.036499560246262,0.441881100266193,0.139423076923077,0.0,0.0,0.0325865580448065,0.0114942528735632,0.0,0.18330221829242263
131,EJG Morgan,0.207271686229602,0.187774846086191,0.504827586206896,0.510060755843886,0.102564102564102,0.0,0.15478615071283,0.130268199233716,0.158730158730158,0.3625151042956651
132,ER Dwivedi,0.00400801603206412,0.00527704485488126,0.685714285714285,0.322520852641334,0.0,0.0,0.00610997963340122,0.00766283524904214,0.0,0.3040861154830577
133,F Behardien,0.0294875465216146,0.0246262093227792,0.461538461538461,0.150509731232622,0.0,0.0,0.0162932790224032,0.0153256704980842,0.0,0.18961152585113683
134,F du Plessis,0.298310907529344,0.284740545294635,0.532118887823585,0.756638594511825,0.205128205128205,0.0,0.226069246435845,0.1455938697318,0.317460317460317,0.4750901445537913
135,FH Edwards,0.0011451474377326,0.000879507475813544,0.342857142857142,0.0537534754402224,0.0,0.0,0.0,0.0,0.0,0.1191283936086773
136,FY Fazal,0.050959060979101,0.0402374670184696,0.438148443735035,0.44713118207094,0.0,0.0,0.0468431771894093,0.00383141762452107,0.0476190476190476,0.27566449495332446
137,G Gambhir,0.982536501574577,0.908531222515391,0.515833714785069,0.760648494928077,0.897435897435897,0.0,0.999999999999999,0.218390804597701,0.904761904761904,0.6957716482636634
138,GB Hogg,0.00343544231319782,0.00285839929639401,0.428571428571428,0.174698795180723,0.0,0.0,0.0020366598778004,0.0,0.0,0.18158124536239062
139,GC Smith,0.197537933008874,0.162489006156552,0.458341947488112,0.684893419833178,0.102564102564102,0.0,0.193482688391038,0.0344827586206896,0.142857142857142,0.3949655714235102
140,GD McGrath,0.0011451474377326,0.000879507475813544,0.342857142857142,0.0537534754402224,0.0,0.0,0.0020366598778004,0.0,0.0,0.11927095980012332
141,GH Vihari,0.0921843687374749,0.0615655233069481,0.371517027863777,0.358356502934815,0.0,0.0,0.0468431771894093,0.00383141762452107,0.0476190476190476,0.23323673746787604
142,GJ Bailey,0.157744059547666,0.145778364116095,0.514751552795031,0.494979919678713,0.0512820512820512,0.0,0.122199592668024,0.0727969348659003,0.126984126984126,0.3434344738380368
143,GJ Maxwell,0.223017463498425,0.270228671943711,0.675274725274725,0.600572921054848,0.153846153846153,0.0,0.199592668024439,0.314176245210727,0.269841269841269,0.4691347111271339
144,GR Napier,0.00429430289149728,0.00329815303430079,0.401785714285714,0.403151065801668,0.0,0.0,0.0020366598778004,0.0,0.0,0.24216813066566556
145,Gurkeerat Singh,0.0798740337818494,0.075197889182058,0.523469387755102,0.382993512511585,0.0256410256410256,0.0,0.075356415478615,0.0344827586206896,0.0317460317460317,0.29336037785215135
146,H Das,0.0011451474377326,0.000439753737906772,0.171428571428571,0.0537534754402224,0.0,0.0,0.0,0.0,0.0,0.06765584680631533
147,Harbhajan Singh,0.168909247065559,0.175681618293755,0.579405366207396,0.26188431022401,0.0256410256410256,0.0,0.15478615071283,0.157088122605363,0.0952380952380952,0.30122494758239765
148,Harmeet Singh,0.000286286859433152,0.000659630606860158,0.642857142857142,0.0806302131603337,0.0,0.0,0.0,0.0,0.0,0.21712648420890038
149,Harpreet Singh,0.00343544231319782,0.00219876868953386,0.329670329670329,0.268767377201112,0.0,0.0,0.0,0.0,0.0,0.17992296104604558
150,HH Gibbs,0.239335814486115,0.1948109058927,0.453661034306195,0.661466378333848,0.153846153846153,0.0,0.171079429735234,0.118773946360153,0.174603174603174,0.4004727173532795
151,HH Pandya,0.0873174921271113,0.0892700087950747,0.568627450980392,0.330665318617126,0.0256410256410256,0.0,0.0488798370672097,0.10727969348659,0.0476190476190476,0.2955031791331211
152,HM Amla,0.119381620383624,0.126868953386103,0.591592617908407,0.969242354031511,0.128205128205128,0.4,0.122199592668024,0.0804597701149425,0.0952380952380952,0.5211085384539379
153,HV Patel,0.0105926137990266,0.0103342128408091,0.530075187969924,0.105267222737102,0.0,0.0,0.00407331975560081,0.0114942528735632,0.0,0.1931405627414459
154,I Malhotra,0.000858860578299456,0.0015391380826737,0.75,0.188137164040778,0.0,0.0,0.0020366598778004,0.0,0.0,0.2817805722408617
155,I Sharma,0.0166046378471228,0.00989445910290237,0.326876513317191,0.0711443057297061,0.0,0.0,0.00610997963340122,0.00383141762452107,0.0,0.12188350714852483
156,IC Pandey,0.000286286859433152,0.0,0.0,0.0,0.0,0.0,0.0,0.0,0.0,1.43143429716576e-05
157,IK Pathan,0.281706269682221,0.252858399296394,0.500362581580855,0.376929858269851,0.0256410256410256,0.0,0.191446028513238,0.1455938697318,0.158730158730158,0.32725984211289944
158,Imran Tahir,0.0140280561122244,0.0079155672823219,0.308571428571428,0.074427889071077,0.0,0.0,0.00407331975560081,0.00383141762452107,0.0,0.11690777226695824
159,Iqbal Abdulla,0.0243343830518179,0.0193491644678979,0.438538205980066,0.181934839951522,0.0,0.0,0.0183299389002036,0.00383141762452107,0.0158730158730158,0.19080653015934257
160,IR Jaggi,0.028342399083882,0.0167106420404573,0.325714285714285,0.291804580961206,0.0,0.0,0.0142566191446028,0.0,0.0,0.18934180750100932
161,Ishan Kishan,0.0727168622960206,0.0701407211961301,0.536134453781512,0.57157862218103,0.0256410256410256,0.0,0.0692464358452138,0.0498084291187739,0.0793650793650793,0.3533636968435706
162,J Arunkumar,0.00658459776696249,0.00505716798592788,0.410714285714285,0.206054989187519,0.0,0.0,0.010183299389002,0.0,0.0,0.18657856011471224
163,J Botha,0.103922129974234,0.0899296394019349,0.481554160125588,0.392592347411623,0.0256410256410256,0.0,0.0794297352342158,0.0191570881226053,0.0634920634920634,0.28570663201792246
164,J Suchith,0.00916117950186086,0.0105540897097625,0.623376623376623,0.258016682113067,0.0,0.0,0.00814663951120162,0.00766283524904214,0.0158730158730158,0.26696149447370293
165,J Syed Mohammad,0.00744345834526195,0.00637642919964819,0.46031746031746,0.155885078776645,0.0,0.0,0.00814663951120162,0.0,0.0,0.18644084233124353
166,J Theron,0.00343544231319782,0.00219876868953386,0.329670329670329,0.0671918443002781,0.0,0.0,0.0020366598778004,0.0,0.0,0.11959286736724142
167,J Yadav,0.00314915545376467,0.00131926121372031,0.214285714285714,0.0806302131603337,0.0,0.0,0.0,0.0,0.0,0.08876416212787457
168,JA Morkel,0.203549957056971,0.214379947229551,0.586878009630818,0.391116705628483,0.0769230769230769,0.0,0.124236252545824,0.206896551724137,0.111111111111111,0.3538165456275575
169,Jaskaran Singh,0.00286286859433152,0.00175901495162708,0.311688311688311,0.0716713005869631,0.0,0.0,0.0,0.00383141762452107,0.0,0.11555681366493278
170,JC Buttler,0.107071285427998,0.116094986807387,0.603428571428571,0.591288229842447,0.0256410256410256,0.0,0.10183299389002,0.0996168582375478,0.0793650793650793,0.3910475269641009
171,JD Ryder,0.133123389636415,0.132805628847845,0.555487431023911,0.559777571825763,0.102564102564102,0.0,0.136456211812627,0.0727969348659003,0.126984126984126,0.3786923943967556
172,JD Unadkat,0.00343544231319782,0.00109938434476693,0.164835164835164,0.0268767377201112,0.0,0.0,0.0,0.0,0.0,0.05779528131671914
173,JDP Oram,0.0312052676782135,0.0233069481090589,0.412987012987013,0.258994018030162,0.0,0.0,0.0122199592668024,0.0191570881226053,0.0158730158730158,0.20749008993600151
174,JDS Neesham,0.00629831090752934,0.0046174142480211,0.391304347826087,0.141102873030584,0.0,0.0,0.0020366598778004,0.00383141762452107,0.0,0.16087127447609717
175,JE Taylor,0.00314915545376467,0.00197889182058047,0.321428571428571,0.0483781278962002,0.0,0.0,0.0,0.0,0.0,0.11129735675217763
176,JEC Franklin,0.0881763527054108,0.0718997361477572,0.453536754507628,0.549293327154773,0.0256410256410256,0.0,0.0509164969450101,0.0344827586206896,0.0476190476190476,0.3206450386162612
177,JH Kallis,0.655596908101918,0.533641160949868,0.454012595872045,0.686629920491683,0.435897435897435,0.0,0.523421588594704,0.168582375478927,0.539682539682539,0.5186809137293095
178,JJ Bumrah,0.00744345834526195,0.00549692172383465,0.396825396825396,0.11198640716713,0.0,0.0,0.0020366598778004,0.00383141762452107,0.0,0.15393785753632167
179,JJ Roy,0.011451474377326,0.0129727352682497,0.616724738675958,0.528575841828852,0.0,0.0,0.0183299389002036,0.00383141762452107,0.0158730158730158,0.34697300217761984
180,JJ van der Wath,0.00458058975093043,0.00395778364116095,0.453781512605042,0.161260426320667,0.0,0.0,0.0020366598778004,0.00383141762452107,0.0,0.1855098407782926
181,JM Kemp,0.00687088462639564,0.00571679859278803,0.445714285714285,0.349397590361446,0.0,0.0,0.0020366598778004,0.00383141762452107,0.0,0.2398212381622352
182,JO Holder,0.00887489264242771,0.00835532102022867,0.508928571428571,0.204263206672845,0.0,0.0,0.00814663951120162,0.00766283524904214,0.0,0.21626684504529567
183,Joginder Sharma,0.0011451474377326,0.00131926121372031,0.514285714285714,0.161260426320667,0.0,0.0,0.0020366598778004,0.0,0.0,0.202995591866619
184,JP Duminy,0.467506441454337,0.438214599824098,0.522731246721454,0.733771757207966,0.358974358974359,0.0,0.25458248472505,0.298850574712643,0.428571428571428,0.5157969275449006
185,JP Faulkner,0.115946178070426,0.115875109938434,0.556298381421534,0.314756461744413,0.0,0.0,0.0733197556008146,0.0881226053639846,0.0952380952380952,0.2891210120610449
186,JR Hopes,0.0896077870025765,0.091688654353562,0.569153776160145,0.589873664699282,0.102564102564102,0.0,0.0997963340122199,0.0421455938697317,0.0634920634920634,0.3811283763127627
187,K Goel,0.0681362725450901,0.0479331574318381,0.390914524805738,0.366195551436515,0.0,0.0,0.0346232179226069,0.0344827586206896,0.0158730158730158,0.2398257430149381
188,K Rabada,0.0191812195820211,0.0120932277924362,0.346638655462184,0.492740191535371,0.0,0.0,0.010183299389002,0.00383141762452107,0.0158730158730158,0.2549247538723126
189,K Upadhyay,0.00229029487546521,0.00263852242744063,0.571428571428571,0.322520852641334,0.0,0.0,0.0020366598778004,0.0,0.0,0.26870576039893485
190,KA Pollard,0.478957915831663,0.51759014951627,0.602662570404505,0.564891433867337,0.307692307692307,0.0,0.323828920570264,0.563218390804597,0.412698412698412,0.5132034706821877
191,KAJ Roach,0.00486687661036358,0.00439753737906772,0.476190476190476,0.107506950880444,0.0,0.0,0.0020366598778004,0.00383141762452107,0.0,0.17616477693861823
192,Kamran Akmal,0.0220440881763527,0.0281442392260334,0.703296703296703,0.573370404695705,0.0256410256410256,0.0,0.0244399185336048,0.0306513409961685,0.0158730158730158,0.39303073805036837
193,Kamran Khan,0.0011451474377326,0.000659630606860158,0.257142857142857,0.0806302131603337,0.0,0.0,0.0,0.0,0.0,0.10145514152352986
194,Karanveer Singh,0.00458058975093043,0.00263852242744063,0.302521008403361,0.0806302131603337,0.0,0.0,0.0020366598778004,0.0,0.0,0.115580814390845
195,KB Arun Karthik,0.0148869166905239,0.0112137203166226,0.412398921832884,0.171339202965709,0.0,0.0,0.0122199592668024,0.00383141762452107,0.0,0.1780724375119138
196,KC Cariappa,0.00486687661036358,0.00329815303430079,0.357142857142857,0.100787766450417,0.0,0.0,0.0,0.00383141762452107,0.0,0.1381822312694017
197,KC Sangakkara,0.407386200973375,0.370932277924362,0.507724719101123,0.666780243144522,0.256410256410256,0.0,0.40122199592668,0.0996168582375478,0.365079365079365,0.4695176033649446
198,KD Karthik,0.675350701402805,0.638302550571679,0.527179176755447,0.582262459712559,0.358974358974359,0.0,0.582484725050916,0.272030651340996,0.65079365079365,0.5234234867991697
199,KH Pandya,0.0893215001431434,0.105540897097625,0.657234139662254,0.678991268718598,0.0256410256410256,0.0,0.0936863543788187,0.0766283524904214,0.111111111111111,0.42960763575122035
200,KJ Abbott,0.00200400801603206,0.00285839929639401,0.696428571428571,0.116465863453815,0.0,0.0,0.0,0.00383141762452107,0.0,0.24448425585262804
201,KK Cooper,0.0197537933008874,0.0255057167985927,0.710204081632653,0.259808464627741,0.0,0.0,0.0183299389002036,0.0306513409961685,0.0158730158730158,0.29766420140580624
202,KK Nair,0.265674205553965,0.254617414248021,0.534214977702598,0.622465245597776,0.205128205128205,0.0,0.274949083503054,0.0996168582375478,0.238095238095238,0.4314857865448997
203,KL Rahul,0.169195533924992,0.159410729991204,0.524855212355212,0.649521161569353,0.102564102564102,0.0,0.124236252545824,0.0919540229885057,0.142857142857142,0.4011839511866678
204,KM Jadhav,0.195533924992842,0.196350043975373,0.559523809523809,0.421068890948407,0.0769230769230769,0.0,0.144602851323828,0.126436781609195,0.158730158730158,0.3489902249703715
205,KMDN Kulasekara,0.000572573718866304,0.00109938434476693,0.714285714285714,0.134383688600556,0.0,0.0,0.0020366598778004,0.0,0.0,0.25488195417774706
206,KP Appanna,0.00314915545376467,0.00131926121372031,0.214285714285714,0.161260426320667,0.0,0.0,0.0,0.0,0.0,0.11295322607597455
207,KP Pietersen,0.216719152590896,0.220096745822339,0.565963060686015,0.747322623828647,0.128205128205128,0.2,0.187372708757637,0.153256704980842,0.238095238095238,0.46596334229857517
208,KS Williamson,0.0927569424563412,0.0903693931398416,0.541978021978022,0.736422613531048,0.0769230769230769,0.0,0.075356415478615,0.0421455938697317,0.0793650793650793,0.4126909694975169
209,Kuldeep Yadav,0.00601202404809619,0.00439753737906772,0.389610389610389,0.268767377201112,0.0,0.0,0.00407331975560081,0.0,0.0,0.19853881736665394
210,KV Sharma,0.0813054680790151,0.0697009674582233,0.476691729323308,0.250586054625742,0.0,0.0,0.0366598778004073,0.053639846743295,0.0317460317460317,0.2350032875851143
211,KW Richardson,0.0108789006584597,0.0079155672823219,0.395604395604395,0.241890639481001,0.0,0.0,0.00407331975560081,0.00383141762452107,0.0,0.19309902972713727
212,L Ablish,0.0,0.0,0.0,0.0,0.0,0.0,0.0,0.0,0.0,0.0
213,L Balaji,0.00687088462639564,0.00395778364116095,0.308571428571428,0.0806302131603337,0.0,0.0,0.00610997963340122,0.0,0.0,0.11792751368930247
214,L Ronchi,0.0103063269395934,0.00747581354441512,0.393822393822393,0.182761816496756,0.0,0.0,0.0122199592668024,0.00383141762452107,0.0,0.1753234430033133
215,LA Carseldine,0.0200400801603206,0.0178100263852242,0.488933601609658,0.435403151065802,0.0,0.0,0.0224032586558044,0.0,0.0158730158730158,0.28165226055508275
216,LA Pomersbach,0.071571714858288,0.0664028144239226,0.515651678998292,0.507298424467099,0.0256410256410256,0.0,0.0549898167006109,0.0498084291187739,0.0476190476190476,0.3265057937051957
217,LH Ferguson,0.00171772115659891,0.0015391380826737,0.428571428571428,0.0940685820203893,0.0,0.0,0.0020366598778004,0.0,0.0,0.15717436923508854
218,LJ Wright,0.0177497852848554,0.0233069481090589,0.721088435374149,0.569786839666358,0.0,0.0,0.0305498981670061,0.0114942528735632,0.0317460317460317,0.393308914631405
219,LMP Simmons,0.251073575722874,0.237247141600703,0.526684022128213,1.0,0.307692307692307,0.2,0.224032586558044,0.168582375478927,0.269841269841269,0.5548500539417073
220,LPC Silva,0.00744345834526195,0.00879507475813544,0.634920634920635,0.358356502934815,0.0,0.0,0.010183299389002,0.00383141762452107,0.0,0.300177537764413
221,LR Shukla,0.102204408817635,0.0890501319261213,0.484836392657621,0.329850872019545,0.0,0.0,0.0672097759674134,0.0613026819923371,0.0476190476190476,0.2668042582739028
222,LRPL Taylor,0.242198683080446,0.223614775725593,0.514589306797099,0.506178560395427,0.0769230769230769,0.0,0.138492871690427,0.172413793103448,0.174603174603174,0.3684334081811838
223,M Ashwin,0.0,0.0,0.0,0.0,0.0,0.0,0.0,0.0,0.0,0.0
224,M de Lange,0.00143143429716576,0.000659630606860158,0.214285714285714,0.0806302131603337,0.0,0.0,0.0,0.0,0.0,0.08861231300935861
225,M Kaif,0.07357572287432,0.056948109058927,0.430232558139534,0.316412503159489,0.0,0.0,0.0468431771894093,0.0229885057471264,0.0317460317460317,0.2380254481874018
226,M Kartik,0.0309189808187804,0.0248460861917326,0.444298820445609,0.216933668740897,0.0,0.0,0.0142566191446028,0.00383141762452107,0.0,0.20362815281365754
227,M Klinger,0.0220440881763527,0.0160510114335971,0.401098901098901,0.49050046339203,0.0,0.0,0.0183299389002036,0.0,0.0,0.2714702106224709
228,M Manhas,0.138849126825078,0.11301671064204,0.453262786596119,0.363543241793081,0.0,0.0,0.0896130346232179,0.0383141762452107,0.0793650793650793,0.2718576989205558
229,M Morkel,0.0263383910678499,0.0277044854881266,0.580645161290322,0.1693234476367,0.0,0.0,0.020366598778004,0.0191570881226053,0.0,0.2316530379821283
230,M Muralitharan,0.000572573718866304,0.000439753737906772,0.285714285714285,0.0537534754402224,0.0,0.0,0.0,0.0,0.0,0.1019129324060862
231,M Ntini,0.00515316346979673,0.00241864555848724,0.248120300751879,0.147822057460611,0.0,0.0,0.00407331975560081,0.0,0.0,0.11956736257597761
232,M Rawat,0.0197537933008874,0.0120932277924362,0.336734693877551,0.134383688600556,0.0,0.0,0.00814663951120162,0.00383141762452107,0.0,0.14433267701097546
233,M Vijay,0.59862582307472,0.552110817941952,0.514408631521442,0.681691802173728,0.384615384615384,0.4,0.490835030549898,0.340996168582375,0.555555555555555,0.545252263771456
234,M Vohra,0.21442885771543,0.21042216358839,0.546857142857142,0.627342390198692,0.0769230769230769,0.0,0.195519348268839,0.134099616858237,0.222222222222222,0.4134481582439813
235,MA Agarwal,0.197824219868308,0.178979771328056,0.50412881915772,0.455784677170218,0.0769230769230769,0.0,0.169042769857433,0.126436781609195,0.158730158730158,0.34287474550348207
236,MA Khote,0.00286286859433152,0.00263852242744063,0.467532467532467,0.107506950880444,0.0,0.0,0.00407331975560081,0.0,0.0,0.173203953579226
237,MA Starc,0.0277698253650157,0.021108179419525,0.419825072886297,0.234560620102788,0.0,0.0,0.0244399185336048,0.0,0.0,0.2015258114042811
238,Mandeep Singh,0.268250787288863,0.244503078276165,0.508071885470606,0.515291936978683,0.128205128205128,0.0,0.274949083503054,0.0689655172413793,0.19047619047619,0.3810768736270556
239,Mashrafe Mortaza,0.000286286859433152,0.000439753737906772,0.428571428571428,0.0537534754402224,0.0,0.0,0.0,0.0,0.0,0.14475576092025744
240,MC Henriques,0.21986830804466,0.213060686015831,0.540033438603009,0.520871177015755,0.128205128205128,0.0,0.175152749490835,0.103448275862068,0.19047619047619,0.3818589705260406
241,MC Juneja,0.0380761523046092,0.0274846086191732,0.399786780383795,0.479941745001984,0.0,0.0,0.0224032586558044,0.00383141762452107,0.0158730158730158,0.27036893925625904
242,MD Mishra,0.0606928141998282,0.0521108179419525,0.476861167002012,0.374693343509785,0.0,0.0,0.0529531568228105,0.0306513409961685,0.0317460317460317,0.2692578770950925
243,MDKJ Perera,0.00343544231319782,0.0030782761653474,0.461538461538461,0.188137164040778,0.0,0.0,0.00610997963340122,0.0,0.0,0.1958099859803044
244,MEK Hussey,0.471514457486401,0.434696569920844,0.514129680998613,0.916126042632067,0.41025641025641,0.2,0.407331975560081,0.199233716475095,0.444444444444444,0.5816149992589609
245,MF Maharoof,0.0352132837102776,0.0389182058047493,0.611751152073732,0.339798755461405,0.0,0.0,0.0244399185336048,0.0344827586206896,0.0158730158730158,0.29489721684112363
246,MG Johnson,0.0446607500715717,0.0332014072119613,0.412192902638762,0.156091822912953,0.0,0.0,0.0162932790224032,0.0268199233716475,0.0,0.1787883208241563
247,Misbah-ul-Haq,0.0231892356140853,0.0257255936675461,0.611498257839721,0.393072289156626,0.0,0.0,0.020366598778004,0.0229885057471264,0.0317460317460317,0.30790815750565087
248,MJ Clarke,0.0271972516461494,0.0215479331574318,0.4375,0.438986716095149,0.0,0.0,0.0244399185336048,0.0,0.0158730158730158,0.2681714650239477
249,MJ Guptill,0.0406527340395075,0.0415567282321899,0.566433566433566,0.507970342910102,0.0256410256410256,0.0,0.0427698574338085,0.0268199233716475,0.0476190476190476,0.33567667031506276
250,MJ Lumb,0.0563985113083309,0.0611257695690413,0.601731601731601,0.622644423849242,0.0256410256410256,0.0,0.0957230142566191,0.0229885057471264,0.0793650793650793,0.38688933410346704
251,MJ McClenaghan,0.0125966218150586,0.0138522427440633,0.6,0.141102873030584,0.0,0.0,0.00407331975560081,0.0229885057471264,0.0,0.22601036000205407
252,MK Pandey,0.543945032922988,0.488786279683377,0.501164800480949,0.628915662650603,0.256410256410256,0.2,0.405295315682281,0.249042145593869,0.46031746031746,0.4880542450283701
253,MK Tiwary,0.413111938162038,0.36235708003518,0.489117530668777,0.56066916155371,0.179487179487179,0.0,0.311608961303462,0.149425287356321,0.38095238095238,0.4205541750597055
254,ML Hayden,0.239908388204981,0.243403693931398,0.565469095862421,0.929767145505098,0.205128205128205,0.0,0.25254582484725,0.168582375478927,0.269841269841269,0.5332126319945082
255,MM Patel,0.011451474377326,0.00857519788918206,0.40766550522648,0.0873493975903615,0.0,0.0,0.010183299389002,0.0,0.0,0.1506473953100671
256,MM Sharma,0.00343544231319782,0.0030782761653474,0.461538461538461,0.125424776027185,0.0,0.0,0.00407331975560081,0.0,0.0,0.1768537033847805
257,MN Samuels,0.0495276266819352,0.0354001759014951,0.396551724137931,0.309082483781279,0.0,0.0,0.0183299389002036,0.0268199233716475,0.0317460317460317,0.22059895242532235
258,MN van Wyk,0.0383624391640423,0.0367194371152154,0.53015873015873,0.897683039851715,0.0256410256410256,0.0,0.0366598778004073,0.00383141762452107,0.0476190476190476,0.4393027757404595
259,Mohammad Ashraful,0.00314915545376467,0.000439753737906772,0.0714285714285714,0.0537534754402224,0.0,0.0,0.0,0.0,0.0,0.03775604720711705
260,Mohammad Asif,0.000286286859433152,0.000219876868953386,0.214285714285714,0.0268767377201112,0.0,0.0,0.0,0.0,0.0,0.07238503763161455
261,Mohammad Hafeez,0.0237618093329516,0.0140721196130167,0.326530612244898,0.215013901760889,0.0,0.0,0.0142566191446028,0.00766283524904214,0.0,0.16651639008475005
262,Mohammad Nabi,0.0220440881763527,0.011433597185576,0.285714285714285,0.0499139414802064,0.0,0.0,0.00407331975560081,0.00383141762452107,0.0,0.10344904972608597
263,Mohammed Shami,0.000858860578299456,0.000879507475813544,0.428571428571428,0.0358356502934815,0.0,0.0,0.0,0.0,0.0,0.13945301743596916
264,MP Stoinis,0.0386487260234755,0.0358399296394019,0.513655462184873,0.547613531047266,0.0256410256410256,0.0,0.0305498981670061,0.0153256704980842,0.0476190476190476,0.32951926290043365
265,MR Marsh,0.0572573718866303,0.0494722955145118,0.479744136460554,0.431947570501785,0.0,0.0,0.0183299389002036,0.053639846743295,0.0476190476190476,0.2858190967620964
266,MS Bisla,0.210707128542799,0.175461741424802,0.464043419267299,0.549939402580736,0.102564102564102,0.0,0.197556008146639,0.0881226053639846,0.0952380952380952,0.3616490642725447
267,MS Dhoni,0.766962496421414,0.782761653474054,0.569296375266524,0.669099204780389,0.435897435897435,0.0,0.519348268839103,0.597701149425287,0.761904761904761,0.603949155556548
268,MS Gony,0.0214715144574864,0.0217678100263852,0.558270676691729,0.177386468952734,0.0,0.0,0.0122199592668024,0.0306513409961685,0.0158730158730158,0.22664197802729802
269,MS Wade,0.00916117950186086,0.00483729111697449,0.285714285714285,0.197096076614149,0.0,0.0,0.0,0.0,0.0,0.1457848967853207
270,MV Boucher,0.0907529344403091,0.0866314863676341,0.53099730458221,0.460410202683642,0.0256410256410256,0.0,0.0672097759674134,0.0459770114942528,0.0952380952380952,0.32065045511001106
271,N Rana,0.101345548239335,0.0960861917326297,0.527565392354124,0.783008958912573,0.102564102564102,0.0,0.0610997963340122,0.0957854406130268,0.0952380952380952,0.42812872440181154
272,N Saini,0.0406527340395075,0.030782761653474,0.419580419580419,0.376274328081557,0.0256410256410256,0.0,0.0325865580448065,0.0,0.0317460317460317,0.24871249879315455
273,ND Doshi,0.000286286859433152,0.0,0.0,0.0,0.0,0.0,0.0,0.0,0.0,1.43143429716576e-05
274,Niraj Patel,0.0352132837102776,0.0266051011433597,0.418202764976958,0.542014210688908,0.0256410256410256,0.0,0.0305498981670061,0.00383141762452107,0.0317460317460317,0.29741874749287395
275,NJ Maddinson,0.00572573718866304,0.00439753737906772,0.408163265306122,0.179178251467408,0.0,0.0,0.00814663951120162,0.0,0.0,0.17749876039518303
276,NJ Rimmington,0.000286286859433152,0.000439753737906772,0.428571428571428,0.0537534754402224,0.0,0.0,0.0,0.0,0.0,0.14475576092025744
277,NL McCullum,0.00629831090752934,0.00571679859278803,0.484472049689441,0.349397590361446,0.0,0.0,0.0,0.00383141762452107,0.0,0.2512773724773927
278,NLTC Perera,0.0930432293157744,0.0932277924362357,0.557405784399649,0.379857893110904,0.0,0.0,0.0529531568228105,0.0996168582375478,0.0793650793650793,0.30483777643442783
279,NM Coulter-Nile,0.0148869166905239,0.011433597185576,0.420485175202156,0.127053669222343,0.0,0.0,0.00610997963340122,0.0153256704980842,0.0,0.16749659768465663
280,NS Naik,0.00916117950186086,0.00505716798592788,0.298701298701298,0.309082483781279,0.0,0.0,0.0020366598778004,0.0,0.0,0.18344147670990496
281,NV Ojha,0.38791869453192,0.341468777484608,0.490834386852085,0.448812620207876,0.153846153846153,0.0,0.248472505091649,0.298850574712643,0.174603174603174,0.3861456398168344
282,OA Shah,0.115659891210993,0.111257695690413,0.535449735449735,0.618164967562558,0.102564102564102,0.0,0.0712830957230142,0.0881226053639846,0.0952380952380952,0.3835267583121391
283,P Awana,0.00372172917263097,0.00109938434476693,0.153061224489795,0.0268767377201112,0.0,0.0,0.0,0.0,0.0,0.054277413556080095
284,P Dogra,0.0400801603206412,0.02792436235708,0.386018237082066,0.284445474204509,0.0,0.0,0.00814663951120162,0.0191570881226053,0.0158730158730158,0.20765524769085297
285,P Kumar,0.00515316346979673,0.00439753737906772,0.451127819548872,0.134383688600556,0.0,0.0,0.0020366598778004,0.00383141762452107,0.0,0.1767233156051423
286,P Negi,0.081019181219582,0.0776165347405452,0.532696177062374,0.327154772937904,0.0,0.0,0.0570264765784114,0.0613026819923371,0.0476190476190476,0.27743791181514604
287,P Parameswaran,0.000572573718866304,0.000219876868953386,0.142857142857142,0.0134383688600556,0.0,0.0,0.0,0.0,0.0,0.046939269887997924
288,P Sahu,0.00343544231319782,0.00417766051011433,0.626373626373626,0.255329008341056,0.0,0.0,0.0020366598778004,0.00383141762452107,0.0,0.26547277982999323
289,PA Patel,0.58946464357286,0.510554089709762,0.483079056865464,0.53799814643188,0.256410256410256,0.0,0.613034623217922,0.134099616858237,0.46031746031746,0.4634512284165968
290,PA Reddy,0.0475236186659032,0.0360598065083553,0.420872540633019,0.440778498609824,0.0,0.0,0.0305498981670061,0.00766283524904214,0.0158730158730158,0.26707573634361653
291,Pankaj Singh,0.00314915545376467,0.0015391380826737,0.25,0.0376274328081557,0.0,0.0,0.0,0.0,0.0,0.08659960142340231
292,Parvez Rasool,0.00543945032922988,0.00373790677220756,0.364285714285714,0.114226135310472,0.0,0.0,0.0020366598778004,0.0,0.0,0.1443418842639841
293,PC Valthaty,0.123389636415688,0.11103781882146,0.500992063492063,0.590119676028528,0.0769230769230769,0.2,0.128309572301425,0.0766283524904214,0.0793650793650793,0.36987846446194034
294,PD Collingwood,0.045233323790438,0.0446350043975373,0.547169811320754,0.779425393883226,0.0769230769230769,0.0,0.0183299389002036,0.0498084291187739,0.0476190476190476,0.416667637352918
295,PJ Cummins,0.00658459776696249,0.00725593667546174,0.589285714285714,0.295644114921223,0.0,0.0,0.010183299389002,0.0,0.0,0.2672466032752055
296,PJ Sangwan,0.00830231892356141,0.00439753737906772,0.285714285714285,0.0597260838224693,0.0,0.0,0.0020366598778004,0.0,0.0,0.10462954673655714
297,PM Sarvesh Kumar,0.000858860578299456,0.000439753737906772,0.214285714285714,0.0537534754402224,0.0,0.0,0.0,0.0,0.0,0.08049867532048657
298,PP Chawla,0.133409676495848,0.113236587510993,0.472621596818599,0.212946460397804,0.0,0.0,0.0997963340122199,0.057471264367816,0.0,0.23409857898373693
299,PP Ojha,0.0125966218150586,0.00351802990325417,0.152380952380952,0.0226330422906199,0.0,0.0,0.0,0.0,0.0,0.05348583248254992
300,PR Shah,0.0274835385055825,0.0202286719437115,0.406480117820324,0.274739985583358,0.0,0.0,0.0183299389002036,0.00766283524904214,0.0,0.20950594097871164
301,PSP Handscomb,0.00143143429716576,0.000659630606860158,0.214285714285714,0.0268767377201112,0.0,0.0,0.0,0.0,0.0,0.07248627037729186
302,PV Tambe,0.00343544231319782,0.00131926121372031,0.197802197802197,0.0806302131603337,0.0,0.0,0.0020366598778004,0.0,0.0,0.08397598771723715
303,Q de Kock,0.16175207557973,0.159630606860158,0.54972236244321,0.750481214800028,0.153846153846153,0.2,0.187372708757637,0.0804597701149425,0.174603174603174,0.4514400288425201
304,R Ashwin,0.0701402805611222,0.0507915567282321,0.402439024390243,0.17245906703738,0.0,0.0,0.0448065173116089,0.00766283524904214,0.0,0.18465182345592138
305,R Bhatia,0.0827369023761809,0.075197889182058,0.505418719211822,0.195571155325064,0.0,0.0,0.0488798370672097,0.0498084291187739,0.0,0.22836369073991178
306,R Bishnoi,0.00458058975093043,0.00417766051011433,0.478991596638655,0.170219338894037,0.0,0.0,0.0020366598778004,0.00766283524904214,0.0,0.1960124125047541
307,R Dhawan,0.0383624391640423,0.033641160949868,0.485714285714285,0.257008804448563,0.0,0.0,0.0285132382892057,0.0153256704980842,0.0,0.23101463201217276
308,R Dravid,0.548811909533352,0.478012313104661,0.485773871592432,0.712561314677095,0.282051282051282,0.0,0.55397148676171,0.10727969348659,0.507936507936507,0.508162296555635
309,R McLaren,0.0506727741196679,0.0349604221635883,0.38282504012841,0.32872317673059,0.0256410256410256,0.0,0.0285132382892057,0.00383141762452107,0.0317460317460317,0.22428406028186043
310,R Ninan,0.000858860578299456,0.000439753737906772,0.214285714285714,0.0179178251467408,0.0,0.0,0.0,0.0,0.0,0.06974798023244208
311,R Rampaul,0.0146006298310907,0.0112137203166226,0.42032967032967,0.19581623196081,0.0,0.0,0.00610997963340122,0.00766283524904214,0.0,0.18758264289964138
312,R Sathish,0.0672774119667907,0.0593667546174142,0.490314769975787,0.302363299351251,0.0,0.0,0.0448065173116089,0.0229885057471264,0.0,0.25161973341483257
313,R Sharma,0.00171772115659891,0.00131926121372031,0.36734693877551,0.0806302131603337,0.0,0.0,0.0,0.00383141762452107,0.0,0.13484084281742634
314,R Shukla,0.00629831090752934,0.00417766051011433,0.354037267080745,0.127664504170528,0.0,0.0,0.00407331975560081,0.0,0.0,0.14552834535466183
315,R Tewatia,0.00658459776696249,0.00769569041336851,0.625,0.313561940067962,0.0,0.0,0.00814663951120162,0.00383141762452107,0.0,0.283467530773329
316,R Vinay Kumar,0.0813054680790151,0.0668425681618293,0.457142857142857,0.1992811772418,0.0,0.0,0.0407331975560081,0.0344827586206896,0.0,0.2125970298816927
317,RA Jadeja,0.417119954194102,0.380826737027264,0.509112286890064,0.431023238252153,0.0,0.0,0.256619144602851,0.218390804597701,0.222222222222222,0.3720461173531583
318,RA Tripathi,0.0784425994846836,0.0859718557607739,0.609350649350649,0.750628889183106,0.0512820512820512,0.0,0.0916496945010183,0.0651340996168582,0.111111111111111,0.435964906830726
319,Rashid Khan,0.00229029487546521,0.00241864555848724,0.523809523809523,0.0985480383070743,0.0,0.0,0.0,0.00383141762452107,0.0,0.18729353299207244
320,RD Chahar,0.0100200400801603,0.0118733509234828,0.642857142857142,0.18141797961075,0.0,0.0,0.00610997963340122,0.0114942528735632,0.0,0.25008822758347576
321,RE Levi,0.02089894073862,0.018249780123131,0.48069498069498,0.371794871794871,0.0256410256410256,0.0,0.020366598778004,0.0153256704980842,0.0158730158730158,0.2635261855046473
322,RE van der Merwe,0.0409390208989407,0.0349604221635883,0.473214285714285,0.284893419833179,0.0,0.0,0.0264765784114052,0.0306513409961685,0.0317460317460317,0.23666774587411352
323,RG More,0.00887489264242771,0.00703605980650835,0.428571428571428,0.172011121408711,0.0,0.0,0.00610997963340122,0.00383141762452107,0.0,0.18197969923862325
324,RG Sharma,0.937016890924706,0.925021987686895,0.550702504581551,0.739022454826847,0.846153846153846,0.2,0.720977596741344,0.659003831417624,0.936507936507936,0.7048945774097805
325,RJ Harris,0.0317778413970798,0.0257255936675461,0.447704081632653,0.149741824440619,0.0,0.0,0.0122199592668024,0.0114942528735632,0.0,0.18494027557968015
326,RJ Peterson,0.0,0.000219876868953386,0.428571428571428,0.0268767377201112,0.0,0.0,0.0,0.0,0.0,0.1366564375743571
327,RJ Quiney,0.0297738333810478,0.0226473175021987,0.420408163265306,0.395471997881636,0.0256410256410256,0.0,0.0264765784114052,0.0114942528735632,0.0158730158730158,0.2536245899886696
328,RN ten Doeschate,0.067849985685657,0.0716798592788038,0.58703481392557,0.417229356988393,0.0256410256410256,0.0,0.0549898167006109,0.057471264367816,0.0634920634920634,0.3217014020815664
329,RP Singh,0.00658459776696249,0.00351802990325417,0.285714285714285,0.143342601173926,0.0,0.0,0.0,0.0,0.0,0.12939809894513682
330,RR Bhatkal,0.00343544231319782,0.0,0.0,0.0,0.0,0.0,0.0,0.0,0.0,0.000171772115659891
331,RR Pant,0.108789006584597,0.124010554089709,0.634420697412823,0.631603336422614,0.0769230769230769,0.0,0.0957230142566191,0.114942528735632,0.158730158730158,0.4189371863032408
332,RR Powar,0.0180360721442885,0.0147317502198768,0.448660714285714,0.200082380805272,0.0,0.0,0.0122199592668024,0.00383141762452107,0.0,0.19808318936264532
333,RR Raje,0.00229029487546521,0.00219876868953386,0.476190476190476,0.268767377201112,0.0,0.0,0.0020366598778004,0.0,0.0,0.22396431382164905
334,RR Rossouw,0.0143143429716576,0.0116534740545294,0.445378151260504,0.284893419833179,0.0,0.0,0.00610997963340122,0.0114942528735632,0.0,0.2220798896288926
335,RR Sarwan,0.0220440881763527,0.0160510114335971,0.401098901098901,0.49050046339203,0.0,0.0,0.0122199592668024,0.00383141762452107,0.0158730158730158,0.2712723971056041
336,RS Bopara,0.133695963355281,0.116754617414248,0.486263736263736,0.648706714971775,0.0769230769230769,0.0,0.0794297352342158,0.0613026819923371,0.0952380952380952,0.37578194535808507
337,RS Gavaskar,0.00200400801603206,0.000439753737906772,0.107142857142857,0.0537534754402224,0.0,0.0,0.0,0.0,0.0,0.0484130755495161
338,RS Sodhi,0.000286286859433152,0.000879507475813544,0.857142857142857,0.107506950880444,0.0,0.0,0.0020366598778004,0.0,0.0,0.2896397736889893
339,RT Ponting,0.0366447180074434,0.0200087950747581,0.302325581395348,0.271753681392235,0.0,0.0,0.0142566191446028,0.00766283524904214,0.0,0.17751462769918758
340,RV Gomez,0.0148869166905239,0.0109938434476693,0.404312668463611,0.149315209556173,0.0,0.0,0.010183299389002,0.00383141762452107,0.0,0.16887480959992973
341,RV Uthappa,0.847122817062696,0.830694810905892,0.547007722007722,0.710072133612448,0.564102564102564,0.0,0.784114052953156,0.478927203065134,0.857142857142857,0.6425834509306604
342,S Anirudha,0.0343544231319782,0.0299032541776605,0.481700118063754,0.304603027494593,0.0256410256410256,0.0,0.0224032586558044,0.0268199233716475,0.0158730158730158,0.24634051631417675
343,S Aravind,0.00314915545376467,0.00263852242744063,0.428571428571428,0.322520852641334,0.0,0.0,0.0020366598778004,0.0,0.0,0.22589156057070692
344,S Badree,0.00687088462639564,0.00285839929639401,0.222857142857142,0.0698795180722892,0.0,0.0,0.0,0.0,0.0,0.08845038243978855
345,S Badrinath,0.356140853134841,0.316842568161829,0.4960413080895,0.595836600841233,0.282051282051282,0.0,0.317718940936863,0.10727969348659,0.365079365079365,0.43393690783204886
346,S Chanderpaul,0.00916117950186086,0.00549692172383465,0.324675324675324,0.22397281433426,0.0,0.0,0.00814663951120162,0.0,0.0,0.16617245761613583
347,S Dhawan,0.860005725737188,0.782981530343008,0.507867839315426,0.759587801756475,0.717948717948718,0.0,0.822810590631364,0.268199233716475,0.761904761904761,0.6470186988047862
348,S Gopal,0.00744345834526195,0.0030782761653474,0.222222222222222,0.125424776027185,0.0,0.0,0.0020366598778004,0.0,0.0,0.10511666620006595
349,S Kaul,0.00343544231319782,0.00197889182058047,0.296703296703296,0.0806302131603337,0.0,0.0,0.0,0.0,0.0,0.11356971425680684
350,S Kaushik,0.00257658173489836,0.0,0.0,0.0,0.0,0.0,0.0,0.0,0.0,0.000128829086744918
351,S Ladda,0.0,0.0,0.0,0.0,0.0,0.0,0.0,0.0,0.0,0.0
352,S Nadeem,0.0200400801603206,0.00571679859278803,0.156941649899396,0.0436746987951807,0.0,0.0,0.0020366598778004,0.0,0.0,0.06190115466711387
353,S Narwal,0.00801603206412825,0.00813544415127528,0.54679802955665,0.248609823911028,0.0,0.0,0.0122199592668024,0.0,0.0,0.24069209920731352
354,S Rana,0.0231892356140853,0.0200087950747581,0.475609756097561,0.305722891566265,0.0,0.0,0.0183299389002036,0.00383141762452107,0.0,0.23907311636781337
355,S Randiv,0.000286286859433152,0.000219876868953386,0.214285714285714,0.0268767377201112,0.0,0.0,0.0,0.0,0.0,0.07238503763161455
356,S Sohal,0.0887489264242771,0.080914687774846,0.507119889756545,0.494531974050046,0.0512820512820512,0.0,0.0692464358452138,0.0689655172413793,0.0952380952380952,0.32713786091252856
357,S Sreesanth,0.0160320641282565,0.00747581354441512,0.25563909774436,0.0761507568736484,0.0,0.0,0.0142566191446028,0.0,0.0,0.10208410428637904
358,S Sriram,0.0105926137990266,0.00681618293755497,0.349624060150375,0.416589434661724,0.0,0.0,0.00610997963340122,0.0,0.0,0.2315029960016746
359,S Tyagi,0.000858860578299456,0.000659630606860158,0.321428571428571,0.0806302131603337,0.0,0.0,0.0,0.0,0.0,0.12072654146627239
360,S Vidyut,0.0194675064414543,0.0191292875989445,0.540372670807453,0.233827618164967,0.0,0.0,0.0142566191446028,0.0153256704980842,0.0158730158730158,0.2370638943437004
361,SA Abbott,0.00343544231319782,0.00329815303430079,0.494505494505494,0.201575532900834,0.0,0.0,0.0020366598778004,0.00383141762452107,0.0,0.20969834688990568
362,SA Asnodkar,0.100486687661036,0.0930079155672823,0.515016233766233,0.598361055558264,0.0512820512820512,0.0,0.120162932790224,0.0383141762452107,0.111111111111111,0.36417677373536256
363,SA Yadav,0.136845118809046,0.133685136323658,0.543990456307784,0.389072774614941,0.0256410256410256,0.0,0.107942973523421,0.0804597701149425,0.0952380952380952,0.3150774357672742
364,Sachin Baby,0.0300601202404809,0.0301231310466138,0.553908355795148,0.368211306765524,0.0,0.0,0.0224032586558044,0.0191570881226053,0.0158730158730158,0.28386887127814964
365,Salman Butt,0.0489550529630689,0.0424362357080035,0.480897009966777,0.741030054283065,0.0256410256410256,0.0,0.0610997963340122,0.00766283524904214,0.0317460317460317,0.38057035391633237
366,Sandeep Sharma,0.0100200400801603,0.00571679859278803,0.309523809523809,0.0635268346111719,0.0,0.0,0.0020366598778004,0.0,0.0,0.1131304412952271
367,SB Bangar,0.0163183509876896,0.0107739665787159,0.362068965517241,0.188137164040778,0.0,0.0,0.0020366598778004,0.0114942528735632,0.0,0.16778737443852157
368,SB Jakati,0.00830231892356141,0.00615655233069481,0.4,0.150509731232622,0.0,0.0,0.00610997963340122,0.0,0.0,0.16661138912337223
369,SB Joshi,0.00200400801603206,0.000659630606860158,0.160714285714285,0.0806302131603337,0.0,0.0,0.0,0.0,0.0,0.07256951312387322
370,SB Styris,0.0380761523046092,0.0288038698328935,0.418976545842217,0.352085264133457,0.0,0.0,0.0224032586558044,0.0114942528735632,0.0158730158730158,0.23836062086954207
371,SB Wagh,0.000572573718866304,0.000439753737906772,0.285714285714285,0.0268767377201112,0.0,0.0,0.0,0.0,0.0,0.09384991109005283
372,SC Ganguly,0.379330088748926,0.296613896218117,0.436005171299288,0.647441414007679,0.179487179487179,0.0,0.281059063136456,0.157088122605363,0.333333333333333,0.4207100093759396
373,SD Chitnis,0.0260521042084168,0.0217678100263852,0.461180124223602,0.332599629286376,0.0,0.0,0.020366598778004,0.00383141762452107,0.0158730158730158,0.24326885923798428
374,SE Bond,0.000286286859433152,0.000219876868953386,0.214285714285714,0.0268767377201112,0.0,0.0,0.0,0.0,0.0,0.07238503763161455
375,SE Marsh,0.547380475236186,0.547273526824978,0.557613322380703,0.969510147613866,0.538461538461538,0.2,0.558044806517311,0.295019157088122,0.587301587301587,0.6548438571703307
376,Shahid Afridi,0.0128829086744918,0.0178100263852242,0.754658385093167,0.241890639481001,0.0,0.0,0.0142566191446028,0.0229885057471264,0.0158730158730158,0.30376712912944714
377,Shakib Al Hasan,0.11451474377326,0.109938434476693,0.534378339864624,0.419949026876738,0.0512820512820512,0.0,0.0936863543788187,0.057471264367816,0.0952380952380952,0.31815231645553227
378,Shivam Sharma,0.000572573718866304,0.00109938434476693,0.714285714285714,0.0671918443002781,0.0,0.0,0.0020366598778004,0.0,0.0,0.23472440088766366
379,Shoaib Ahmed,0.00143143429716576,0.000219876868953386,0.0714285714285714,0.0089589125733704,0.0,0.0,0.0,0.0,0.0,0.024209804602336165
380,Shoaib Akhtar,0.00200400801603206,0.000439753737906772,0.107142857142857,0.0537534754402224,0.0,0.0,0.0,0.0,0.0,0.0484130755495161
381,Shoaib Malik,0.0137417692527912,0.011433597185576,0.454810495626822,0.279518072289156,0.0,0.0,0.010183299389002,0.0,0.0,0.2228418495132207
382,SJ Srivastava,0.0128829086744918,0.0101143359718557,0.428571428571428,0.0951023027019318,0.0,0.0,0.00814663951120162,0.00766283524904214,0.0,0.15978773329364473
383,SK Raina,0.964214142570855,1.0,0.57855234702964,0.778569446822075,0.82051282051282,0.2,0.816700610997963,0.662835249042145,1.0,0.7383376850477253
384,SK Trivedi,0.0171772115659891,0.00923482849604221,0.295081967213114,0.0806302131603337,0.0,0.0,0.00610997963340122,0.00383141762452107,0.0,0.11515358117174733
385,SK Warne,0.0624105353564271,0.0435356200527704,0.387475538160469,0.197096076614149,0.0,0.0,0.0285132382892057,0.0229885057471264,0.0158730158730158,0.18622081023055576
386,SL Malinga,0.0292012596621815,0.0193491644678979,0.366158113730929,0.118257645968489,0.0,0.0,0.0122199592668024,0.0191570881226053,0.0,0.15072452977575673
387,SM Harwood,0.00372172917263097,0.00197889182058047,0.275510204081632,0.1209453197405,0.0,0.0,0.0,0.0,0.0,0.1193206327873292
388,SM Katich,0.0543945032922988,0.052990325417766,0.540762902019446,0.588844890049709,0.0512820512820512,0.0,0.0529531568228105,0.0306513409961685,0.0476190476190476,0.35757510189270997
389,SM Pollock,0.0329229888348124,0.0323218997361477,0.543103448275862,0.493860055607044,0.0,0.0,0.0244399185336048,0.0306513409961685,0.0317460317460317,0.3195172653373496
390,SMSM Senanayake,0.00458058975093043,0.00219876868953386,0.252100840336134,0.268767377201112,0.0,0.0,0.0,0.0,0.0,0.1567093716176737
391,SN Khan,0.0292012596621815,0.0389182058047493,0.736477115117891,0.432471143314514,0.0,0.0,0.0386965376782077,0.0229885057471264,0.0476190476190476,0.3601244290756076
392,SN Thakur,0.00229029487546521,0.0015391380826737,0.333333333333333,0.0470342910101946,0.0,0.0,0.0020366598778004,0.0,0.0,0.11452128204654494
393,Sohail Tanvir,0.00858860578299456,0.0079155672823219,0.497695852534562,0.1935125115848,0.0,0.0,0.00610997963340122,0.00383141762452107,0.0,0.20924107988499985
394,SP Fleming,0.0486687661036358,0.0430958663148636,0.491228070175438,0.52678405931418,0.0,0.0,0.0529531568228105,0.0114942528735632,0.0476190476190476,0.3165430399335641
395,SP Goswami,0.0741482965931863,0.052990325417766,0.397252747252747,0.404830861909175,0.0256410256410256,0.0,0.0529531568228105,0.00766283524904214,0.0317460317460317,0.2563621237766543
396,SP Jackson,0.00858860578299456,0.00835532102022867,0.525345622119815,0.340438677788073,0.0,0.0,0.010183299389002,0.0,0.0,0.2617130833207691
397,SP Narine,0.0549670770111651,0.0595866314863676,0.601776461880088,0.242786530738338,0.0256410256410256,0.0,0.0733197556008146,0.0459770114942528,0.0634920634920634,0.27253102093053755
398,SPD Smith,0.381334096764958,0.37664907651715,0.550744829064409,0.742578253460492,0.153846153846153,0.2,0.307535641547861,0.164750957854406,0.396825396825396,0.4955257050116631
399,SR Tendulkar,0.584884053821929,0.513192612137203,0.489376572546826,0.804234690240251,0.358974358974359,0.2,0.610997963340122,0.111111111111111,0.587301587301587,0.557980802738851
400,SR Watson,0.55768680217578,0.577836411609498,0.577878765667375,0.720735374780124,0.41025641025641,0.4,0.527494908350305,0.46743295019157,0.555555555555555,0.5892484850256452
401,SS Iyer,0.187231606069281,0.177440633245382,0.528026172300981,0.677797729379055,0.153846153846153,0.0,0.160896130346232,0.122605363984674,0.19047619047619,0.422856480479945
402,SS Shaikh,0.0217578013169195,0.0145118733509234,0.36734693877551,0.0933612994488073,0.0,0.0,0.010183299389002,0.0114942528735632,0.0,0.14215403499787743
403,SS Tiwary,0.317778413970798,0.28056288478452,0.492220650636492,0.535854958294717,0.179487179487179,0.0,0.189409368635437,0.172413793103448,0.253968253968253,0.39392009319575993
404,ST Jayasuriya,0.163756083595762,0.1688654353562,0.574420344053851,0.688044485634847,0.128205128205128,0.2,0.173116089613034,0.1455938697318,0.158730158730158,0.4414880678993506
405,STR Binny,0.176925279129687,0.168425681618293,0.530348488345257,0.36763537667152,0.0,0.0,0.120162932790224,0.111111111111111,0.142857142857142,0.3101620635853291
406,Sunny Gupta,0.0,0.0,0.0,0.0,0.0,0.0,0.0,0.0,0.0,0.0
407,Sunny Singh,0.00858860578299456,0.0094547053649956,0.594470046082949,0.231139944392956,0.0,0.0,0.0122199592668024,0.00383141762452107,0.0,0.2501431801745682
408,SV Samson,0.333237904380188,0.313544415127528,0.524586143470263,0.618164967562558,0.205128205128205,0.2,0.228105906313645,0.218390804597701,0.301587301587301,0.4444253522722462
409,SW Billings,0.0492413398225021,0.0496921723834652,0.559867877786952,0.607414272474514,0.0512820512820512,0.0,0.0488798370672097,0.0191570881226053,0.0317460317460317,0.3673151483181776
410,SW Tait,0.00715717148582879,0.00505716798592788,0.379120879120879,0.123632993512511,0.0,0.0,0.0020366598778004,0.00383141762452107,0.0,0.1520621884118185
411,Swapnil Singh,0.0011451474377326,0.000659630606860158,0.257142857142857,0.0403151065801668,0.0,0.0,0.0,0.0,0.0,0.08936060954947979
412,T Henderson,0.00429430289149728,0.00241864555848724,0.294642857142857,0.147822057460611,0.0,0.0,0.0,0.00383141762452107,0.0,0.13342593913893525
413,T Kohli,0.00543945032922988,0.00241864555848724,0.235714285714285,0.0985480383070743,0.0,0.0,0.0,0.00383141762452107,0.0,0.10102241933618926
414,T Taibu,0.00715717148582879,0.00681618293755497,0.510989010989011,0.277726289774481,0.0,0.0,0.00610997963340122,0.0,0.0,0.23808176567143258
415,T Thushara,0.00515316346979673,0.00263852242744063,0.270676691729323,0.0806302131603337,0.0,0.0,0.0,0.0,0.0,0.10591358188313091
416,TA Boult,0.00200400801603206,0.00109938434476693,0.267857142857142,0.0671918443002781,0.0,0.0,0.0020366598778004,0.0,0.0,0.10086740117395034
417,TD Paine,0.00801603206412825,0.00219876868953386,0.147783251231527,0.134383688600556,0.0,0.0,0.0,0.0,0.0,0.08527076042178469
418,TG Southee,0.00715717148582879,0.00857519788918206,0.642857142857142,0.149741824440619,0.0,0.0,0.010183299389002,0.00766283524904214,0.0,0.24016766962471062
419,TL Suman,0.167764099627827,0.148636763412489,0.493550742273059,0.46586345381526,0.0512820512820512,0.0,0.112016293279022,0.0996168582375478,0.0952380952380952,0.3300224973011255
420,TM Dilshan,0.299456054967077,0.253518029903254,0.471960704052394,0.619777571825765,0.23076923076923,0.0,0.283095723014256,0.0919540229885057,0.269841269841269,0.4162569535693582
421,TM Head,0.0429430289149728,0.0450747581354441,0.581835383159886,0.55097312326228,0.0256410256410256,0.0,0.0244399185336048,0.0306513409961685,0.0634920634920634,0.35261115650716784
422,TM Srivastava,0.00286286859433152,0.00175901495162708,0.311688311688311,0.0537534754402224,0.0,0.0,0.0,0.0,0.0,0.1099515810634393
423,TR Birt,0.0166046378471228,0.0164907651715039,0.544794188861985,0.403151065801668,0.0,0.0,0.0183299389002036,0.00766283524904214,0.0,0.28860575064655924
424,TS Mills,0.00286286859433152,0.00175901495162708,0.311688311688311,0.0716713005869631,0.0,0.0,0.0,0.0,0.0,0.11532692860746152
425,U Kaul,0.0,0.0,0.0,0.0,0.0,0.0,0.0,0.0,0.0,0.0
426,UA Birla,0.00400801603206412,0.0015391380826737,0.2,0.188137164040778,0.0,0.0,0.0020366598778004,0.0,0.0,0.11693803001354999
427,UBT Chand,0.0896077870025765,0.0659630606860158,0.409463148316651,0.403151065801668,0.0256410256410256,0.0,0.065173116089613,0.0344827586206896,0.0476190476190476,0.2640561458618429
428,Umar Gul,0.00515316346979673,0.00857519788918206,0.8796992481203,0.262048192771084,0.0,0.0,0.00407331975560081,0.0191570881226053,0.0,0.34507396790007167
429,UT Khawaja,0.0297738333810478,0.02792436235708,0.518367346938775,0.568890948409019,0.0,0.0,0.0285132382892057,0.0114942528735632,0.0317460317460317,0.3331441983617568
430,UT Yadav,0.0269109647867162,0.0206684256816182,0.424060150375939,0.10984405850828,0.0,0.0,0.0162932790224032,0.0114942528735632,0.0,0.16541383817674535
431,V Kohli,1.0,0.972515391380826,0.542521874233379,0.843090857702495,0.897435897435897,0.8,0.790224032586557,0.60919540229885,1.0,0.7605463548814244
432,V Pratap Singh,0.0,0.0,0.0,0.0,0.0,0.0,0.0,0.0,0.0,0.0
433,V Sehwag,0.524477526481534,0.599824098504837,0.637830254851531,0.704997504812148,0.461538461538461,0.4,0.692464358452138,0.402298850574712,0.555555555555555,0.6158188963536425
434,V Shankar,0.0217578013169195,0.0222075637642919,0.562152133580705,0.678637627432808,0.0256410256410256,0.0,0.0244399185336048,0.00383141762452107,0.0158730158730158,0.3800503566652552
435,VH Zol,0.00715717148582879,0.00637642919964819,0.478021978021978,0.389712696941613,0.0,0.0,0.00610997963340122,0.00383141762452107,0.0,0.26197348761514294
436,Vishnu Vinod,0.00715717148582879,0.00417766051011433,0.313186813186813,0.170219338894037,0.0,0.0,0.0020366598778004,0.00383141762452107,0.0,0.14616992149847516
437,VR Aaron,0.0157457772688233,0.0101143359718557,0.35204081632653,0.137369992791679,0.0,0.0,0.00407331975560081,0.00766283524904214,0.0,0.149366867693924
438,VRV Singh,0.000572573718866304,0.000879507475813544,0.571428571428571,0.0537534754402224,0.0,0.0,0.0020366598778004,0.0,0.0,0.1878137596856087
439,VS Malik,0.000286286859433152,0.000439753737906772,0.428571428571428,0.0537534754402224,0.0,0.0,0.0,0.0,0.0,0.14475576092025744
440,VS Yeligati,0.0166046378471228,0.0129727352682497,0.428571428571428,0.158572752548656,0.0,0.0,0.0142566191446028,0.0,0.0,0.17926872309532849
441,VVS Laxman,0.077297452046951,0.0620052770448548,0.445967316816025,0.378962001853568,0.0256410256410256,0.0,0.0692464358452138,0.0153256704980842,0.0634920634920634,0.2658750892108635
442,VY Mahesh,0.0077297452046951,0.00329815303430079,0.229591836734693,0.0806302131603337,0.0,0.0,0.0,0.0,0.0,0.09378291753217284
443,W Jaffer,0.0366447180074434,0.0285839929639401,0.431893687707641,0.436746987951807,0.0256410256410256,0.0,0.0285132382892057,0.0114942528735632,0.0317460317460317,0.2705325223113614
444,WA Mota,0.0214715144574864,0.0123131046613896,0.31578947368421,0.188137164040778,0.0,0.0,0.00610997963340122,0.0,0.0,0.15391057608084777
445,Washington Sundar,0.000858860578299456,0.000659630606860158,0.321428571428571,0.0403151065801668,0.0,0.0,0.0,0.0,0.0,0.10863200949222232
446,WD Parnell,0.022616661895219,0.0138522427440633,0.3375,0.141102873030584,0.0,0.0,0.010183299389002,0.00383141762452107,0.0,0.1470396352930439
447,WP Saha,0.348697394789579,0.342348284960422,0.547404195476385,0.53650103372068,0.179487179487179,0.2,0.266802443991853,0.218390804597701,0.253968253968253,0.43056960429865027
448,WPUJC Vaas,0.0206126538791869,0.0178100263852242,0.475538160469667,0.197910523211728,0.0,0.0,0.00407331975560081,0.00766283524904214,0.0,0.20559114293473482
449,X Thalaivan Sargunam,0.00458058975093043,0.00219876868953386,0.252100840336134,0.0671918443002781,0.0,0.0,0.0,0.0,0.0,0.09623671174742353
450,Y Gnaneswara Rao,0.00486687661036358,0.00417766051011433,0.452380952380952,0.510658016682113,0.0,0.0,0.00610997963340122,0.0,0.0,0.2900004991747872
451,Y Nagar,0.077297452046951,0.062664907651715,0.450711649973642,0.382993512511585,0.0,0.0,0.0407331975560081,0.0344827586206896,0.0158730158730158,0.2651632014592491
452,Y Venugopal Rao,0.247351846550243,0.216578715919085,0.488026424442609,0.509107435659797,0.0769230769230769,0.0,0.156822810590631,0.141762452107279,0.174603174603174,0.36034127351023104
453,YA Abdulla,0.0,0.0,0.0,0.0,0.0,0.0,0.0,0.0,0.0,0.0
454,Yashpal Singh,0.018894932722588,0.0103342128408091,0.300639658848614,0.315801668211307,0.0,0.0,0.010183299389002,0.0,0.0,0.18762339699541677
455,YK Pathan,0.59404523332379,0.642480211081794,0.603220478943022,0.590479906903494,0.384615384615384,0.2,0.492871690427698,0.570881226053639,0.571428571428571,0.5632758288830194
456,Younis Khan,0.00171772115659891,0.000659630606860158,0.183673469387755,0.0806302131603337,0.0,0.0,0.0,0.0,0.0,0.07944295388294256
457,YS Chahal,0.00801603206412825,0.00329815303430079,0.22167487684729,0.0503938832252085,0.0,0.0,0.0,0.0,0.0,0.08235124492838604
458,Yuvraj Singh,0.586601774978528,0.569700967458223,0.541672473867595,0.60032437442076,0.307692307692307,0.0,0.415478615071283,0.540229885057471,0.555555555555555,0.5211657669089239
459,YV Takawale,0.0521042084168336,0.0422163588390501,0.449648711943793,0.516033364226135,0.0,0.0,0.0549898167006109,0.0114942528735632,0.0317460317460317,0.30107041149718167
460,Z Khan,0.0400801603206412,0.0257255936675461,0.355623100303951,0.116465863453815,0.0,0.0,0.0224032586558044,0.00766283524904214,0.0,0.1482312547309653
