batsman,no of balls,batsman_runs,SRR,avg.runs,50's,100's,fours,sixes,30's,value
DA Warner,0.830518179,0.882585752,0.592793148,0.946344081,1,0.6,0.822810591,0.601532567,0.904761905,0.797214348
CH Gayle,0.724592041,0.802770449,0.617975626,0.981269694,0.692307692,1,0.623217923,1,0.714285714,0.789136267
V Kohli,1,0.972515391,0.542521874,0.843090858,0.897435897,0.8,0.790224033,0.609195402,1,0.760546355
SK Raina,0.964214143,1,0.578552347,0.778569447,0.820512821,0.2,0.816700611,0.662835249,1,0.738337685
RG Sharma,0.937016891,0.925021988,0.550702505,0.739022455,0.846153846,0.2,0.720977597,0.659003831,0.936507937,0.704894577
G Gambhir,0.982536502,0.908531223,0.515833715,0.760648495,0.897435897,0,1,0.218390805,0.904761905,0.695771648
AB de Villiers,0.687374749,0.766490765,0.621981682,0.794002608,0.666666667,0.6,0.592668024,0.593869732,0.698412698,0.691598713
SE Marsh,0.547380475,0.547273527,0.557613322,0.969510148,0.538461538,0.2,0.558044807,0.295019157,0.587301587,0.654843857
S Dhawan,0.860005726,0.78298153,0.507867839,0.759587802,0.717948718,0,0.822810591,0.268199234,0.761904762,0.647018699
RV Uthappa,0.847122817,0.830694811,0.547007722,0.710072134,0.564102564,0,0.784114053,0.478927203,0.857142857,0.642583451
AM Rahane,0.744632121,0.672163588,0.503513781,0.782497021,0.666666667,0.2,0.66191446,0.229885057,0.682539683,0.621044988
V Sehwag,0.524477526,0.599824099,0.637830255,0.704997505,0.461538462,0.4,0.692464358,0.402298851,0.555555556,0.615818896
MS Dhoni,0.766962496,0.782761653,0.569296375,0.669099205,0.435897436,0,0.519348269,0.597701149,0.761904762,0.603949156
SR Watson,0.557686802,0.577836412,0.577878766,0.720735375,0.41025641,0.4,0.527494908,0.46743295,0.555555556,0.589248485
BB McCullum,0.624105354,0.605760774,0.541363726,0.718887499,0.384615385,0.4,0.566191446,0.471264368,0.650793651,0.584227514
MEK Hussey,0.471514457,0.43469657,0.514129681,0.916126043,0.41025641,0.2,0.407331976,0.199233716,0.444444444,0.581614999
DR Smith,0.515888921,0.524406332,0.566912289,0.728420676,0.435897436,0,0.50712831,0.448275862,0.555555556,0.572820246
YK Pathan,0.594045233,0.642480211,0.603220479,0.590479907,0.384615385,0.2,0.49287169,0.570881226,0.571428571,0.563275829
SR Tendulkar,0.584884054,0.513192612,0.489376573,0.80423469,0.358974359,0.2,0.610997963,0.111111111,0.587301587,0.557980803
LMP Simmons,0.251073576,0.237247142,0.526684022,1,0.307692308,0.2,0.224032587,0.168582375,0.26984127,0.554850054
M Vijay,0.598625823,0.552110818,0.514408632,0.681691802,0.384615385,0.4,0.490835031,0.340996169,0.555555556,0.545252264
AC Gilchrist,0.44488978,0.454925242,0.570234267,0.695099629,0.333333333,0.4,0.488798371,0.352490421,0.412698413,0.544035827
ML Hayden,0.239908388,0.243403694,0.565469096,0.929767146,0.205128205,0,0.252545825,0.168582375,0.26984127,0.533212632
KD Karthik,0.675350701,0.638302551,0.527179177,0.58226246,0.358974359,0,0.582484725,0.272030651,0.650793651,0.523423487
Yuvraj Singh,0.586601775,0.569700967,0.541672474,0.600324374,0.307692308,0,0.415478615,0.540229885,0.555555556,0.521165767
HM Amla,0.11938162,0.126868953,0.591592618,0.969242354,0.128205128,0.4,0.122199593,0.08045977,0.095238095,0.521108538
JH Kallis,0.655596908,0.533641161,0.454012596,0.68662992,0.435897436,0,0.523421589,0.168582375,0.53968254,0.518680914
JP Duminy,0.467506441,0.4382146,0.522731247,0.733771757,0.358974359,0,0.254582485,0.298850575,0.428571429,0.515796928
KA Pollard,0.478957916,0.51759015,0.60266257,0.564891434,0.307692308,0,0.323828921,0.563218391,0.412698413,0.513203471
AT Rayudu,0.561981105,0.531222515,0.527203957,0.618420936,0.358974359,0,0.419551935,0.302681992,0.555555556,0.508335766
R Dravid,0.54881191,0.478012313,0.485773872,0.712561315,0.282051282,0,0.553971487,0.107279693,0.507936508,0.508162297
SPD Smith,0.381334097,0.376649077,0.550744829,0.742578253,0.153846154,0.2,0.307535642,0.164750958,0.396825397,0.495525705
AJ Finch,0.363298025,0.352682498,0.54128234,0.673598239,0.333333333,0,0.352342159,0.22605364,0.333333333,0.489457828
MK Pandey,0.543945033,0.48878628,0.5011648,0.628915663,0.256410256,0.2,0.405295316,0.249042146,0.46031746,0.488054245
DA Miller,0.324649299,0.343667546,0.590182505,0.656380329,0.230769231,0.2,0.219959267,0.295019157,0.317460317,0.484743291
CA Lynn,0.074148297,0.084432718,0.632967033,0.860055607,0.076923077,0,0.063136456,0.088122605,0.079365079,0.477456695
F du Plessis,0.298310908,0.284740545,0.532118888,0.756638595,0.205128205,0,0.226069246,0.14559387,0.317460317,0.475090145
DPMD Jayawardene,0.435442313,0.397537379,0.509104562,0.622988997,0.282051282,0.2,0.409368635,0.153256705,0.365079365,0.471210256
KC Sangakkara,0.407386201,0.370932278,0.507724719,0.666780243,0.256410256,0,0.401221996,0.099616858,0.365079365,0.469517603
GJ Maxwell,0.223017463,0.270228672,0.675274725,0.600572921,0.153846154,0,0.199592668,0.314176245,0.26984127,0.469134711
KP Pietersen,0.216719153,0.220096746,0.565963061,0.747322624,0.128205128,0.2,0.187372709,0.153256705,0.238095238,0.465963342
PA Patel,0.589464644,0.51055409,0.483079057,0.537998146,0.256410256,0,0.613034623,0.134099617,0.46031746,0.463451228
Q de Kock,0.161752076,0.159630607,0.549722362,0.750481215,0.153846154,0.2,0.187372709,0.08045977,0.174603175,0.451440029
A Symonds,0.22330375,0.21416007,0.534479605,0.727165071,0.153846154,0.2,0.152749491,0.157088123,0.222222222,0.450576964
SV Samson,0.333237904,0.313544415,0.524586143,0.618164968,0.205128205,0.2,0.228105906,0.218390805,0.301587302,0.444425352
ST Jayasuriya,0.163756084,0.168865435,0.574420344,0.688044486,0.128205128,0.2,0.17311609,0.14559387,0.158730159,0.441488068
MN van Wyk,0.038362439,0.036719437,0.53015873,0.89768304,0.025641026,0,0.036659878,0.003831418,0.047619048,0.439302776
AD Russell,0.099914114,0.126209323,0.702857143,0.617089898,0.076923077,0,0.101832994,0.141762452,0.158730159,0.436927115
BA Stokes,0.06470083,0.069481091,0.596601636,0.772095375,0.051282051,0.2,0.044806517,0.057471264,0.063492063,0.436505191
RA Tripathi,0.078442599,0.085971856,0.609350649,0.750628889,0.051282051,0,0.091649695,0.0651341,0.111111111,0.435964907
S Badrinath,0.356140853,0.316842568,0.496041308,0.595836601,0.282051282,0,0.317718941,0.107279693,0.365079365,0.433936908
KK Nair,0.265674206,0.254617414,0.534214978,0.622465246,0.205128205,0,0.274949084,0.099616858,0.238095238,0.431485787
WP Saha,0.348697395,0.342348285,0.547404195,0.536501034,0.179487179,0.2,0.266802444,0.218390805,0.253968254,0.430569604
KH Pandya,0.0893215,0.105540897,0.65723414,0.678991269,0.025641026,0,0.093686354,0.076628352,0.111111111,0.429607636
N Rana,0.101345548,0.096086192,0.527565392,0.783008959,0.102564103,0,0.061099796,0.095785441,0.095238095,0.428128724
BJ Hodge,0.329802462,0.307827617,0.520381613,0.597260838,0.153846154,0,0.254582485,0.164750958,0.333333333,0.425656067
SS Iyer,0.187231606,0.177440633,0.528026172,0.677797729,0.153846154,0,0.16089613,0.122605364,0.19047619,0.42285648
SC Ganguly,0.379330089,0.296613896,0.436005171,0.647441414,0.179487179,0,0.281059063,0.157088123,0.333333333,0.420710009
MK Tiwary,0.413111938,0.36235708,0.489117531,0.560669162,0.179487179,0,0.311608961,0.149425287,0.380952381,0.420554175
RR Pant,0.108789007,0.124010554,0.634420697,0.631603336,0.076923077,0,0.095723014,0.114942529,0.158730159,0.418937186
PD Collingwood,0.045233324,0.044635004,0.547169811,0.779425394,0.076923077,0,0.018329939,0.049808429,0.047619048,0.416667637
TM Dilshan,0.299456055,0.25351803,0.471960704,0.619777572,0.230769231,0,0.283095723,0.091954023,0.26984127,0.416256954
DL Chahar,0.001431434,0.003078276,1,0.376274328,0,0,0,0.007662835,0,0.413721468
M Vohra,0.214428858,0.210422164,0.546857143,0.62734239,0.076923077,0,0.195519348,0.134099617,0.222222222,0.413448158
DJ Hussey,0.314915545,0.290677221,0.51459712,0.582476185,0.128205128,0,0.183299389,0.229885057,0.301587302,0.413380064
KS Williamson,0.092756942,0.090369393,0.541978022,0.736422614,0.076923077,0,0.075356415,0.042145594,0.079365079,0.412690969
CL White,0.221299742,0.21350044,0.53765227,0.579940274,0.153846154,0,0.152749491,0.14559387,0.238095238,0.402505506
KL Rahul,0.169195534,0.15941073,0.524855212,0.649521162,0.102564103,0,0.124236253,0.091954023,0.142857143,0.401183951
HH Gibbs,0.239335814,0.194810906,0.453661034,0.661466378,0.153846154,0,0.17107943,0.118773946,0.174603175,0.400472717
GC Smith,0.197537933,0.162489006,0.458341947,0.68489342,0.102564103,0,0.193482688,0.034482759,0.142857143,0.394965571
SS Tiwary,0.317778414,0.280562885,0.492220651,0.535854958,0.179487179,0,0.189409369,0.172413793,0.253968254,0.393920093
LJ Wright,0.017749785,0.023306948,0.721088435,0.56978684,0,0,0.030549898,0.011494253,0.031746032,0.393308915
Kamran Akmal,0.022044088,0.028144239,0.703296703,0.573370405,0.025641026,0,0.024439919,0.030651341,0.015873016,0.393030738
JC Buttler,0.107071285,0.116094987,0.603428571,0.59128823,0.025641026,0,0.101832994,0.099616858,0.079365079,0.391047527
MJ Lumb,0.056398511,0.06112577,0.601731602,0.622644424,0.025641026,0,0.095723014,0.022988506,0.079365079,0.386889334
NV Ojha,0.387918695,0.341468777,0.490834387,0.44881262,0.153846154,0,0.248472505,0.298850575,0.174603175,0.38614564
OA Shah,0.115659891,0.111257696,0.535449735,0.618164968,0.102564103,0,0.071283096,0.088122605,0.095238095,0.383526758
MC Henriques,0.219868308,0.213060686,0.540033439,0.520871177,0.128205128,0,0.175152749,0.103448276,0.19047619,0.381858971
JR Hopes,0.089607787,0.091688654,0.569153776,0.589873665,0.102564103,0,0.099796334,0.042145594,0.063492063,0.381128376
Mandeep Singh,0.268250787,0.244503078,0.508071885,0.515291937,0.128205128,0,0.274949084,0.068965517,0.19047619,0.381076874
Salman Butt,0.048955053,0.042436236,0.48089701,0.741030054,0.025641026,0,0.061099796,0.007662835,0.031746032,0.380570354
AC Voges,0.040652734,0.039797713,0.542457542,0.694955647,0,0,0.032586558,0.011494253,0.031746032,0.380207079
V Shankar,0.021757801,0.022207564,0.562152134,0.678637627,0.025641026,0,0.024439919,0.003831418,0.015873016,0.380050357
JD Ryder,0.13312339,0.132805629,0.555487431,0.559777572,0.102564103,0,0.136456212,0.072796935,0.126984127,0.378692394
BJ Rohrer,0.041511595,0.042436236,0.566536204,0.648401297,0.025641026,0,0.044806517,0.019157088,0.047619048,0.377650438
RS Bopara,0.133695963,0.116754617,0.486263736,0.648706715,0.076923077,0,0.079429735,0.061302682,0.095238095,0.375781945
AJ Tye,0.008302319,0.011653474,0.757142857,0.474822366,0,0,0.00814664,0.011494253,0,0.37242995
RA Jadeja,0.417119954,0.380826737,0.509112287,0.431023238,0,0,0.256619145,0.218390805,0.222222222,0.372046117
PC Valthaty,0.123389636,0.111037819,0.500992063,0.590119676,0.076923077,0.2,0.128309572,0.076628352,0.079365079,0.369878464
DJ Harris,0.02920126,0.024406332,0.46185853,0.745829472,0,0,0.022403259,0.019157088,0.031746032,0.36892475
LRPL Taylor,0.242198683,0.223614776,0.514589307,0.50617856,0.076923077,0,0.138492872,0.172413793,0.174603175,0.368433408
SW Billings,0.04924134,0.049692172,0.559867878,0.607414272,0.051282051,0,0.048879837,0.019157088,0.031746032,0.367315148
SA Asnodkar,0.100486688,0.093007916,0.515016234,0.598361056,0.051282051,0,0.120162933,0.038314176,0.111111111,0.364176774
EJG Morgan,0.207271686,0.187774846,0.504827586,0.510060756,0.102564103,0,0.154786151,0.130268199,0.158730159,0.362515104
MS Bisla,0.210707129,0.175461741,0.464043419,0.549939403,0.102564103,0,0.197556008,0.088122605,0.095238095,0.361649064
DJ Bravo,0.295161752,0.277484609,0.524086379,0.41874621,0.102564103,0,0.211812627,0.183908046,0.222222222,0.361474102
CJ Anderson,0.118236473,0.114555849,0.539337474,0.538568475,0.076923077,0,0.081466395,0.114942529,0.111111111,0.3610307
Y Venugopal Rao,0.247351847,0.216578716,0.488026424,0.509107436,0.076923077,0,0.156822811,0.141762452,0.174603175,0.360341274
CH Morris,0.078442599,0.096525945,0.684155844,0.421388852,0.051282051,0,0.067209776,0.084291188,0.079365079,0.360128494
SN Khan,0.02920126,0.038918206,0.736477115,0.432471143,0,0,0.038696538,0.022988506,0.047619048,0.360124429
BCJ Cutting,0.019753793,0.027264732,0.759183673,0.416589435,0,0,0.018329939,0.038314176,0.015873016,0.360028042
SM Katich,0.054394503,0.052990325,0.540762902,0.58884489,0.051282051,0,0.052953157,0.030651341,0.047619048,0.357575102
BJ Haddin,0.002862869,0.003957784,0.701298701,0.483781279,0,0,0.00407332,0.003831418,0,0.356577933
JA Morkel,0.203549957,0.214379947,0.58687801,0.391116706,0.076923077,0,0.124236253,0.206896552,0.111111111,0.353816546
Ishan Kishan,0.072716862,0.070140721,0.536134454,0.571578622,0.025641026,0,0.069246436,0.049808429,0.079365079,0.353363697
TM Head,0.042943029,0.045074758,0.581835383,0.550973123,0.025641026,0,0.024439919,0.030651341,0.063492063,0.352611157
KM Jadhav,0.195533925,0.196350044,0.55952381,0.421068891,0.076923077,0,0.144602851,0.126436782,0.158730159,0.348990225
JJ Roy,0.011451474,0.012972735,0.616724739,0.528575842,0,0,0.018329939,0.003831418,0.015873016,0.346973002
Umar Gul,0.005153163,0.008575198,0.879699248,0.262048193,0,0,0.00407332,0.019157088,0,0.345073968
GJ Bailey,0.15774406,0.145778364,0.514751553,0.49497992,0.051282051,0,0.122199593,0.072796935,0.126984127,0.343434474
MA Agarwal,0.19782422,0.178979771,0.504128819,0.455784677,0.076923077,0,0.16904277,0.126436782,0.158730159,0.342874746
AD Mathews,0.171199542,0.159190853,0.518006201,0.474603856,0.025641026,0,0.091649695,0.111111111,0.126984127,0.337908327
Azhar Mahmood,0.088748926,0.085312225,0.534680753,0.496579725,0.051282051,0,0.081466395,0.049808429,0.079365079,0.336166171
MJ Guptill,0.040652734,0.041556728,0.566433566,0.507970343,0.025641026,0,0.042769857,0.026819923,0.047619048,0.33567667
UT Khawaja,0.029773833,0.027924362,0.518367347,0.568890948,0,0,0.028513238,0.011494253,0.031746032,0.333144198
TL Suman,0.1677641,0.148636763,0.493550742,0.465863454,0.051282051,0,0.112016293,0.099616858,0.095238095,0.330022497
MP Stoinis,0.038648726,0.03583993,0.513655462,0.547613531,0.025641026,0,0.030549898,0.01532567,0.047619048,0.329519263
AP Dole,0.006298311,0.007475814,0.633540373,0.456904541,0,0,0.00610998,0.003831418,0.015873016,0.328853555
IK Pathan,0.28170627,0.252858399,0.500362582,0.376929858,0.025641026,0,0.191446029,0.14559387,0.158730159,0.327259842
S Sohal,0.088748926,0.080914688,0.50711989,0.494531974,0.051282051,0,0.069246436,0.068965517,0.095238095,0.327137861
LA Pomersbach,0.071571715,0.066402814,0.515651679,0.507298424,0.025641026,0,0.054989817,0.049808429,0.047619048,0.326505794
AP Majumdar,0.021757801,0.019129288,0.484230056,0.584569045,0,0,0.014256619,0.007662835,0.031746032,0.325098283
RN ten Doeschate,0.067849986,0.071679859,0.587034814,0.417229357,0.025641026,0,0.054989817,0.057471264,0.063492063,0.321701402
MV Boucher,0.090752934,0.086631486,0.530997305,0.460410203,0.025641026,0,0.067209776,0.045977011,0.095238095,0.320650455
JEC Franklin,0.088176353,0.071899736,0.453536755,0.549293327,0.025641026,0,0.050916497,0.034482759,0.047619048,0.320645039
CR Brathwaite,0.015745777,0.020888303,0.727040816,0.31916126,0,0,0.016293279,0.030651341,0.015873016,0.319716352
SM Pollock,0.032922989,0.0323219,0.543103448,0.493860056,0,0,0.024439919,0.030651341,0.031746032,0.319517265
Ankit Sharma,0.032636702,0.031882146,0.540372671,0.487140871,0.025641026,0,0.044806517,0.011494253,0.031746032,0.319464326
Shakib Al Hasan,0.114514744,0.109938434,0.53437834,0.419949027,0.051282051,0,0.093686354,0.057471264,0.095238095,0.318152316
AC Blizzard,0.025765817,0.026385224,0.565149137,0.460744075,0.025641026,0,0.044806517,0.007662835,0.031746032,0.317855106
SP Fleming,0.048668766,0.043095866,0.49122807,0.526784059,0,0,0.052953157,0.011494253,0.047619048,0.31654304
SA Yadav,0.136845119,0.133685136,0.543990456,0.389072775,0.025641026,0,0.107942974,0.08045977,0.095238095,0.315077436
STR Binny,0.176925279,0.168425682,0.530348488,0.367635377,0,0,0.120162933,0.111111111,0.142857143,0.310162064
A Flintoff,0.016032064,0.013632366,0.466165414,0.55545258,0,0,0.012219959,0.007662835,0,0.309965405
D Wiese,0.026624678,0.027924362,0.579027356,0.426668211,0,0,0.026476578,0.01532567,0.015873016,0.308605241
Misbah-ul-Haq,0.023189236,0.025725594,0.611498258,0.393072289,0,0,0.020366599,0.022988506,0.031746032,0.307908158
AR Patel,0.141139422,0.133245383,0.52573742,0.38779293,0,0,0.069246436,0.107279693,0.111111111,0.305724647
NLTC Perera,0.093043229,0.093227792,0.557405784,0.379857893,0,0,0.052953157,0.099616858,0.079365079,0.304837776
ER Dwivedi,0.004008016,0.005277045,0.685714286,0.322520853,0,0,0.00610998,0.007662835,0,0.304086115
Shahid Afridi,0.012882909,0.017810026,0.754658385,0.241890639,0,0,0.014256619,0.022988506,0.015873016,0.303767129
AL Menaria,0.104780991,0.088170624,0.468275594,0.468590079,0,0,0.048879837,0.0651341,0.079365079,0.302445448
Harbhajan Singh,0.168909247,0.175681618,0.579405366,0.26188431,0.025641026,0,0.154786151,0.157088123,0.095238095,0.301224948
YV Takawale,0.052104208,0.042216359,0.449648712,0.516033364,0,0,0.054989817,0.011494253,0.031746032,0.301070411
LPC Silva,0.007443458,0.008795075,0.634920635,0.358356503,0,0,0.010183299,0.003831418,0,0.300177538
KK Cooper,0.019753793,0.025505717,0.710204082,0.259808465,0,0,0.018329939,0.030651341,0.015873016,0.297664201
Niraj Patel,0.035213284,0.026605101,0.418202765,0.542014211,0.025641026,0,0.030549898,0.003831418,0.031746032,0.297418747
A Ashish Reddy,0.055825938,0.061565523,0.612244898,0.327195068,0,0,0.034623218,0.057471264,0.031746032,0.29665174
C de Grandhomme,0.026052104,0.027704485,0.586956522,0.376274328,0,0,0.020366599,0.022988506,0.031746032,0.295847281
HH Pandya,0.087317492,0.089270009,0.568627451,0.330665319,0.025641026,0,0.048879837,0.107279693,0.047619048,0.295503179
DJ Hooda,0.079015173,0.082014072,0.577101599,0.334167439,0.025641026,0,0.038696538,0.076628352,0.047619048,0.295403439
MF Maharoof,0.035213284,0.038918206,0.611751152,0.339798755,0,0,0.024439919,0.034482759,0.015873016,0.294897217
Gurkeerat Singh,0.079874034,0.075197889,0.523469388,0.382993513,0.025641026,0,0.075356415,0.034482759,0.031746032,0.293360378
C Munro,0.115087317,0.085751979,0.414746544,0.47645126,0.025641026,0,0.103869654,0.01532567,0.063492063,0.292443423
Bipul Sharma,0.035213284,0.041116974,0.646313364,0.295644115,0,0,0.022403259,0.034482759,0.015873016,0.292096799
DB Ravi Teja,0.092756942,0.082453826,0.494505495,0.403151066,0.025641026,0,0.073319756,0.034482759,0.079365079,0.291945649
AM Nayar,0.168050386,0.147757256,0.489795918,0.361223355,0,0,0.116089613,0.076628352,0.095238095,0.291208001
Y Gnaneswara Rao,0.004866877,0.004177661,0.452380952,0.510658017,0,0,0.00610998,0,0,0.290000499
RS Sodhi,0.000286287,0.000879507,0.857142857,0.107506951,0,0,0.00203666,0,0,0.289639774
JP Faulkner,0.115946178,0.11587511,0.556298381,0.314756462,0,0,0.073319756,0.088122605,0.095238095,0.289121012
DJG Sammy,0.071571715,0.064863676,0.503699488,0.396431881,0.025641026,0,0.030549898,0.068965517,0.015873016,0.288944891
TR Birt,0.016604638,0.016490765,0.544794189,0.403151066,0,0,0.018329939,0.007662835,0,0.288605751
MR Marsh,0.057257372,0.049472296,0.479744136,0.431947571,0,0,0.018329939,0.053639847,0.047619048,0.285819097
J Botha,0.10392213,0.089929639,0.48155416,0.392592347,0.025641026,0,0.079429735,0.019157088,0.063492063,0.285706632
DT Christian,0.100200401,0.092348285,0.512820513,0.364136447,0,0,0.044806517,0.0651341,0.031746032,0.284376439
Sachin Baby,0.03006012,0.030123131,0.553908356,0.368211307,0,0,0.022403259,0.019157088,0.015873016,0.283868871
R Tewatia,0.006584598,0.00769569,0.625,0.31356194,0,0,0.00814664,0.003831418,0,0.283467531
I Malhotra,0.000858861,0.001539138,0.75,0.188137164,0,0,0.00203666,0,0,0.281780572
LA Carseldine,0.02004008,0.017810026,0.488933602,0.435403151,0,0,0.022403259,0,0.015873016,0.281652261
P Negi,0.081019181,0.077616535,0.532696177,0.327154773,0,0,0.057026477,0.061302682,0.047619048,0.277437912
AP Tare,0.081305468,0.074538259,0.509774436,0.337452374,0.025641026,0,0.083503055,0.042145594,0.031746032,0.276625194
FY Fazal,0.050959061,0.040237467,0.438148444,0.447131182,0,0,0.046843177,0.003831418,0.047619048,0.275664495
DB Das,0.076152305,0.066842568,0.487961477,0.371387648,0,0,0.046843177,0.061302682,0.031746032,0.275253793
BB Samantray,0.032922989,0.027484609,0.46182266,0.419949027,0.025641026,0,0.026476578,0.007662835,0.031746032,0.27380335
SP Narine,0.054967077,0.059586631,0.601776462,0.242786531,0.025641026,0,0.073319756,0.045977011,0.063492063,0.272531021
M Manhas,0.138849127,0.113016711,0.453262787,0.363543242,0,0,0.089613035,0.038314176,0.079365079,0.271857699
M Klinger,0.022044088,0.016051011,0.401098901,0.490500463,0,0,0.018329939,0,0,0.271470211
RR Sarwan,0.022044088,0.016051011,0.401098901,0.490500463,0,0,0.012219959,0.003831418,0.015873016,0.271272397
W Jaffer,0.036644718,0.028583993,0.431893688,0.436746988,0.025641026,0,0.028513238,0.011494253,0.031746032,0.270532522
MC Juneja,0.038076152,0.027484609,0.39978678,0.479941745,0,0,0.022403259,0.003831418,0.015873016,0.270368939
AB McDonald,0.02920126,0.027044855,0.511789182,0.367315416,0,0,0.018329939,0.01532567,0.031746032,0.270098564
MD Mishra,0.060692814,0.052110818,0.476861167,0.374693344,0,0,0.052953157,0.030651341,0.031746032,0.269257877
K Upadhyay,0.002290295,0.002638522,0.571428571,0.322520853,0,0,0.00203666,0,0,0.26870576
MJ Clarke,0.027197252,0.021547933,0.4375,0.438986716,0,0,0.024439919,0,0.015873016,0.268171465
PJ Cummins,0.006584598,0.007255937,0.589285714,0.295644115,0,0,0.010183299,0,0,0.267246603
PA Reddy,0.047523619,0.036059807,0.420872541,0.440778499,0,0,0.030549898,0.007662835,0.015873016,0.267075736
J Suchith,0.00916118,0.01055409,0.623376623,0.258016682,0,0,0.00814664,0.007662835,0.015873016,0.266961494
LR Shukla,0.102204409,0.089050132,0.484836393,0.329850872,0,0,0.067209776,0.061302682,0.047619048,0.266804258
B Chipli,0.073003149,0.061565523,0.46875,0.358356503,0.025641026,0,0.059063136,0.026819923,0.031746032,0.266246378
VVS Laxman,0.077297452,0.062005277,0.445967317,0.378962002,0.025641026,0,0.069246436,0.01532567,0.063492063,0.265875089
P Sahu,0.003435442,0.004177661,0.626373626,0.255329008,0,0,0.00203666,0.003831418,0,0.26547278
Y Nagar,0.077297452,0.062664908,0.45071165,0.382993513,0,0,0.040733198,0.034482759,0.015873016,0.265163201
UBT Chand,0.089607787,0.065963061,0.409463148,0.403151066,0.025641026,0,0.065173116,0.034482759,0.047619048,0.264056146
RE Levi,0.020898941,0.01824978,0.480694981,0.371794872,0.025641026,0,0.020366599,0.01532567,0.015873016,0.263526186
VH Zol,0.007157171,0.006376429,0.478021978,0.389712697,0,0,0.00610998,0.003831418,0,0.261973488
SP Jackson,0.008588606,0.008355321,0.525345622,0.340438678,0,0,0.010183299,0,0,0.261713083
AA Jhunjhunwala,0.062124248,0.047713281,0.426605505,0.388816806,0.025641026,0,0.040733198,0.019157088,0.031746032,0.259069085
SP Goswami,0.074148297,0.052990325,0.397252747,0.404830862,0.025641026,0,0.052953157,0.007662835,0.031746032,0.256362124
K Rabada,0.01918122,0.012093228,0.346638655,0.492740192,0,0,0.010183299,0.003831418,0.015873016,0.254924754
KMDN Kulasekara,0.000572574,0.001099384,0.714285714,0.134383689,0,0,0.00203666,0,0,0.254881954
RJ Quiney,0.029773833,0.022647318,0.420408163,0.395471998,0.025641026,0,0.026476578,0.011494253,0.015873016,0.25362459
AS Raut,0.048955053,0.042656113,0.483388704,0.325880445,0,0,0.026476578,0.026819923,0.031746032,0.252956665
BR Dunk,0.01002004,0.008795075,0.476190476,0.358356503,0,0,0.014256619,0,0,0.252742567
CM Gautam,0.044947037,0.037159191,0.45840868,0.34939759,0,0,0.038696538,0.022988506,0.047619048,0.25239322
R Sathish,0.067277412,0.059366755,0.49031477,0.302363299,0,0,0.044806517,0.022988506,0,0.251619733
NL McCullum,0.006298311,0.005716799,0.48447205,0.34939759,0,0,0,0.003831418,0,0.251277372
Sunny Singh,0.008588606,0.009454705,0.594470046,0.231139944,0,0,0.012219959,0.003831418,0,0.25014318
RD Chahar,0.01002004,0.011873351,0.642857143,0.18141798,0,0,0.00610998,0.011494253,0,0.250088228
D Salunkhe,0.015745777,0.016930519,0.589285714,0.229945423,0,0,0.010183299,0.01532567,0,0.249882053
N Saini,0.040652734,0.030782762,0.41958042,0.376274328,0.025641026,0,0.032586558,0,0.031746032,0.248712499
DR Martyn,0.007157171,0.004177661,0.313186813,0.510658017,0,0,0.00203666,0,0,0.24807164
Anirudh Singh,0.019467506,0.013852243,0.391304348,0.423308619,0,0,0.012219959,0.003831418,0.015873016,0.247827772
S Anirudha,0.034354423,0.029903254,0.481700118,0.304603027,0.025641026,0,0.022403259,0.026819923,0.015873016,0.246340516
KJ Abbott,0.002004008,0.002858399,0.696428571,0.116465863,0,0,0,0.003831418,0,0.244484256
DH Yagnik,0.040366447,0.037379068,0.513078471,0.268767377,0,0,0.046843177,0.007662835,0.031746032,0.244048776
SD Chitnis,0.026052104,0.02176781,0.461180124,0.332599629,0,0,0.020366599,0.003831418,0.015873016,0.243268859
GR Napier,0.004294303,0.003298153,0.401785714,0.403151066,0,0,0.00203666,0,0,0.242168131
AB Barath,0.012024048,0.009234828,0.418604651,0.376274328,0,0,0.010183299,0.003831418,0.015873016,0.240931095
S Narwal,0.008016032,0.008135444,0.54679803,0.248609824,0,0,0.012219959,0,0,0.240692099
TG Southee,0.007157171,0.008575198,0.642857143,0.149741824,0,0,0.010183299,0.007662835,0,0.24016767
K Goel,0.068136273,0.047933157,0.390914525,0.366195551,0,0,0.034623218,0.034482759,0.015873016,0.239825743
JM Kemp,0.006870885,0.005716799,0.445714286,0.34939759,0,0,0.00203666,0.003831418,0,0.239821238
S Rana,0.023189236,0.020008795,0.475609756,0.305722892,0,0,0.018329939,0.003831418,0,0.239073116
SB Styris,0.038076152,0.02880387,0.418976546,0.352085264,0,0,0.022403259,0.011494253,0.015873016,0.238360621
T Taibu,0.007157171,0.006816183,0.510989011,0.27772629,0,0,0.00610998,0,0,0.238081766
M Kaif,0.073575723,0.056948109,0.430232558,0.316412503,0,0,0.046843177,0.022988506,0.031746032,0.238025448
S Vidyut,0.019467506,0.019129288,0.540372671,0.233827618,0,0,0.014256619,0.01532567,0.015873016,0.237063894
RE van der Merwe,0.040939021,0.034960422,0.473214286,0.28489342,0,0,0.026476578,0.030651341,0.031746032,0.236667746
KV Sharma,0.081305468,0.069700967,0.476691729,0.250586055,0,0,0.036659878,0.053639847,0.031746032,0.235003288
Shivam Sharma,0.000572574,0.001099384,0.714285714,0.067191844,0,0,0.00203666,0,0,0.234724401
PP Chawla,0.133409676,0.113236588,0.472621597,0.21294646,0,0,0.099796334,0.057471264,0,0.234098579
GH Vihari,0.092184369,0.061565523,0.371517028,0.358356503,0,0,0.046843177,0.003831418,0.047619048,0.233236737
AB Agarkar,0.045519611,0.03935796,0.479464286,0.267274225,0,0,0.026476578,0.019157088,0.015873016,0.233236116
DE Bollinger,0.012882909,0.009234828,0.391304348,0.376274328,0,0,0.00610998,0.003831418,0,0.232498815
M Morkel,0.026338391,0.027704485,0.580645161,0.169323448,0,0,0.020366599,0.019157088,0,0.231653038
S Sriram,0.010592614,0.006816183,0.34962406,0.416589435,0,0,0.00610998,0,0,0.231502996
AN Ahmed,0.016032064,0.016710642,0.571428571,0.185693824,0,0,0.010183299,0.019157088,0,0.231471642
R Dhawan,0.038362439,0.033641161,0.485714286,0.257008804,0,0,0.028513238,0.01532567,0,0.231014632
AUK Pathan,0.003149155,0.003957784,0.642857143,0.12094532,0,0,0.00610998,0,0,0.230121673
A Choudhary,0.00543945,0.005496922,0.535714286,0.223972814,0,0,0.00203666,0.003831418,0,0.229100246
DJ Jacobs,0.028628686,0.020228672,0.390381895,0.353237124,0,0,0.020366599,0.01532567,0.015873016,0.22888521
R Bhatia,0.082736902,0.075197889,0.505418719,0.195571155,0,0,0.048879837,0.049808429,0,0.228363691
MS Gony,0.021471514,0.02176781,0.558270677,0.177386469,0,0,0.012219959,0.030651341,0.015873016,0.226641978
AS Yadav,0.011165188,0.010773967,0.525,0.219493358,0,0,0.010183299,0.007662835,0,0.226156265
MJ McClenaghan,0.012596622,0.013852243,0.6,0.141102873,0,0,0.00407332,0.022988506,0,0.22601036
S Aravind,0.003149155,0.002638522,0.428571429,0.322520853,0,0,0.00203666,0,0,0.225891561
R McLaren,0.050672774,0.034960422,0.38282504,0.328723177,0.025641026,0,0.028513238,0.003831418,0.031746032,0.22428406
RR Raje,0.002290295,0.002198769,0.476190476,0.268767377,0,0,0.00203666,0,0,0.223964314
Shoaib Malik,0.013741769,0.011433597,0.454810496,0.279518072,0,0,0.010183299,0,0,0.22284185
RR Rossouw,0.014314343,0.011653474,0.445378151,0.28489342,0,0,0.00610998,0.011494253,0,0.22207989
B Akhil,0.007443458,0.007915567,0.571428571,0.161260426,0,0,0.00814664,0.003831418,0,0.221770579
MN Samuels,0.049527627,0.035400176,0.396551724,0.309082484,0,0,0.018329939,0.026819923,0.031746032,0.220598952
CRD Fernando,0.002290295,0.002638522,0.571428571,0.161260426,0,0,0,0.003831418,0,0.220414951
Harmeet Singh,0.000286287,0.000659631,0.642857143,0.080630213,0,0,0,0,0,0.217126484
JO Holder,0.008874893,0.008355321,0.508928571,0.204263207,0,0,0.00814664,0.007662835,0,0.216266845
B Lee,0.028914973,0.027264732,0.521008403,0.175406078,0,0,0.016293279,0.030651341,0,0.216076176
A Mithun,0.007157171,0.007475814,0.56043956,0.152301514,0,0,0.00814664,0.003831418,0,0.215727912
DM Bravo,0.008302319,0.007915567,0.514285714,0.193512512,0,0,0.00203666,0.007662835,0,0.214148477
AG Murtaza,0.005725737,0.003298153,0.306122449,0.403151066,0,0,0.00814664,0,0,0.213968421
R Vinay Kumar,0.081305468,0.066842568,0.457142857,0.199281177,0,0,0.040733198,0.034482759,0,0.21259703
CJ Ferguson,0.033781849,0.021547933,0.352941176,0.329240037,0,0,0.018329939,0,0,0.209781346
SA Abbott,0.003435442,0.003298153,0.494505495,0.201575533,0,0,0.00203666,0.003831418,0,0.209698347
PR Shah,0.027483539,0.020228672,0.406480118,0.274739986,0,0,0.018329939,0.007662835,0,0.209505941
Sohail Tanvir,0.008588606,0.007915567,0.497695853,0.193512512,0,0,0.00610998,0.003831418,0,0.20924108
P Dogra,0.04008016,0.027924362,0.386018237,0.284445474,0,0,0.00814664,0.019157088,0.015873016,0.207655248
JDP Oram,0.031205268,0.023306948,0.412987013,0.258994018,0,0,0.012219959,0.019157088,0.015873016,0.20749009
CA Pujara,0.008588606,0.006596306,0.414746544,0.268767377,0,0,0.00814664,0,0,0.206713502
AA Chavan,0.006012024,0.005277045,0.467532468,0.215013902,0,0,0.00407332,0.003831418,0,0.206107234
WPUJC Vaas,0.020612654,0.017810026,0.47553816,0.197910523,0,0,0.00407332,0.007662835,0,0.205591143
M Kartik,0.030918981,0.024846086,0.44429882,0.216933669,0,0,0.014256619,0.003831418,0,0.203628153
Joginder Sharma,0.001145147,0.001319261,0.514285714,0.161260426,0,0,0.00203666,0,0,0.202995592
AC Thomas,0.092184369,0.074758135,0.45112782,0.160317383,0,0,0.044806517,0.0651341,0.015873016,0.202563095
DNT Zoysa,0.002290295,0.002418646,0.523809524,0.147822057,0,0,0.00203666,0,0,0.20198842
MA Starc,0.027769825,0.021108179,0.419825073,0.23456062,0,0,0.024439919,0,0,0.201525811
DL Vettori,0.033495563,0.026605101,0.439467312,0.203255329,0,0,0.024439919,0.007662835,0,0.199322645
Kuldeep Yadav,0.006012024,0.004397537,0.38961039,0.268767377,0,0,0.00407332,0,0,0.198538817
RR Powar,0.018036072,0.01473175,0.448660714,0.200082381,0,0,0.012219959,0.003831418,0,0.198083189
R Bishnoi,0.00458059,0.004177661,0.478991597,0.170219339,0,0,0.00203666,0.007662835,0,0.196012413
MDKJ Perera,0.003435442,0.003078276,0.461538462,0.188137164,0,0,0.00610998,0,0,0.195809986
DS Lehmann,0.005153163,0.003957784,0.406015038,0.241890639,0,0,0.00610998,0,0,0.195452838
HV Patel,0.010592614,0.010334213,0.530075188,0.105267223,0,0,0.00407332,0.011494253,0,0.193140563
KW Richardson,0.010878901,0.007915567,0.395604396,0.241890639,0,0,0.00407332,0.003831418,0,0.19309903
Iqbal Abdulla,0.024334383,0.019349164,0.438538206,0.18193484,0,0,0.018329939,0.003831418,0.015873016,0.19080653
B Sumanth,0.010592614,0.00769569,0.394736842,0.235171455,0,0,0.00610998,0,0,0.190699387
AD Mascarenhas,0.022330375,0.017370273,0.428571429,0.193023844,0,0,0.010183299,0.003831418,0,0.190274844
F Behardien,0.029487547,0.024626209,0.461538462,0.150509731,0,0,0.016293279,0.01532567,0,0.189611526
IR Jaggi,0.028342399,0.016710642,0.325714286,0.291804581,0,0,0.014256619,0,0,0.189341808
A Mishra,0.109075293,0.074758135,0.38145101,0.186491649,0,0,0.057026477,0.019157088,0.031746032,0.188453655
VRV Singh,0.000572574,0.000879507,0.571428571,0.053753475,0,0,0.00203666,0,0,0.18781376
DAJ Bracewell,0.000572574,0.000879507,0.571428571,0.053753475,0,0,0,0,0,0.187671193
Yashpal Singh,0.018894933,0.010334213,0.300639659,0.315801668,0,0,0.010183299,0,0,0.187623397
R Rampaul,0.01460063,0.01121372,0.42032967,0.195816232,0,0,0.00610998,0.007662835,0,0.187582643
Rashid Khan,0.002290295,0.002418646,0.523809524,0.098548038,0,0,0,0.003831418,0,0.187293533
J Arunkumar,0.006584598,0.005057168,0.410714286,0.206054989,0,0,0.010183299,0,0,0.18657856
J Syed Mohammad,0.007443458,0.006376429,0.46031746,0.155885079,0,0,0.00814664,0,0,0.186440842
SK Warne,0.062410535,0.04353562,0.387475538,0.197096077,0,0,0.028513238,0.022988506,0.015873016,0.18622081
AG Paunikar,0.017177212,0.010773967,0.344262295,0.26339203,0,0,0.018329939,0,0,0.18551565
JJ van der Wath,0.00458059,0.003957784,0.453781513,0.161260426,0,0,0.00203666,0.003831418,0,0.185509841
RJ Harris,0.031777841,0.025725594,0.447704082,0.149741824,0,0,0.012219959,0.011494253,0,0.184940276
R Ashwin,0.070140281,0.050791557,0.402439024,0.172459067,0,0,0.044806517,0.007662835,0,0.184651823
AA Bilakhia,0.024906957,0.015171504,0.336038961,0.264927843,0,0,0.010183299,0,0,0.18376537
A Mukund,0.006298311,0.004177661,0.354037267,0.255329008,0,0,0.00203666,0,0,0.18368513
NS Naik,0.00916118,0.005057168,0.298701299,0.309082484,0,0,0.00203666,0,0,0.183441477
DW Steyn,0.045805898,0.03649956,0.4418811,0.139423077,0,0,0.032586558,0.011494253,0,0.183302218
RG More,0.008874893,0.00703606,0.428571429,0.172011121,0,0,0.00610998,0.003831418,0,0.181979699
GB Hogg,0.003435442,0.002858399,0.428571429,0.174698795,0,0,0.00203666,0,0,0.181581245
CR Woakes,0.013169196,0.010114336,0.419452888,0.176618562,0,0,0.00814664,0.003831418,0,0.181291478
Harpreet Singh,0.003435442,0.002198769,0.32967033,0.268767377,0,0,0,0,0,0.179922961
VS Yeligati,0.016604638,0.012972735,0.428571429,0.158572753,0,0,0.014256619,0,0,0.179268723
MG Johnson,0.04466075,0.033201407,0.412192903,0.156091823,0,0,0.016293279,0.026819923,0,0.178788321
KB Arun Karthik,0.014886917,0.01121372,0.412398922,0.171339203,0,0,0.012219959,0.003831418,0,0.178072438
RT Ponting,0.036644718,0.020008795,0.302325581,0.271753681,0,0,0.014256619,0.007662835,0,0.177514628
NJ Maddinson,0.005725737,0.004397537,0.408163265,0.179178251,0,0,0.00814664,0,0,0.17749876
MM Sharma,0.003435442,0.003078276,0.461538462,0.125424776,0,0,0.00407332,0,0,0.176853703
P Kumar,0.005153163,0.004397537,0.45112782,0.134383689,0,0,0.00203666,0.003831418,0,0.176723316
KAJ Roach,0.004866877,0.004397537,0.476190476,0.107506951,0,0,0.00203666,0.003831418,0,0.176164777
L Ronchi,0.010306327,0.007475814,0.393822394,0.182761816,0,0,0.012219959,0.003831418,0,0.175323443
DJ Thornely,0.015173204,0.008575198,0.30952381,0.262048193,0,0,0.010183299,0.007662835,0.015873016,0.174260382
B Kumar,0.045519611,0.034740545,0.423214286,0.128682562,0,0,0.030549898,0.011494253,0,0.174147238
DT Patil,0.006012024,0.004837291,0.428571429,0.147822057,0,0,0.00203666,0,0,0.173844942
MA Khote,0.002862869,0.002638522,0.467532468,0.107506951,0,0,0.00407332,0,0,0.173203954
BMAJ Mendis,0.007443458,0.005057168,0.365079365,0.206054989,0,0,0,0,0,0.172218196
AA Noffke,0.003149155,0.001978892,0.321428571,0.241890639,0,0,0.00203666,0,0,0.169493676
RV Gomez,0.014886917,0.010993843,0.404312668,0.14931521,0,0,0.010183299,0.003831418,0,0.16887481
SB Bangar,0.016318351,0.010773967,0.362068966,0.188137164,0,0,0.00203666,0.011494253,0,0.167787374
NM Coulter-Nile,0.014886917,0.011433597,0.420485175,0.127053669,0,0,0.00610998,0.01532567,0,0.167496598
SB Jakati,0.008302319,0.006156552,0.4,0.150509731,0,0,0.00610998,0,0,0.166611389
Basil Thampi,0.008302319,0.006156552,0.4,0.150509731,0,0,0.00203666,0.003831418,0,0.166556142
Mohammad Hafeez,0.023761809,0.01407212,0.326530612,0.215013902,0,0,0.014256619,0.007662835,0,0.16651639
S Chanderpaul,0.00916118,0.005496922,0.324675325,0.223972814,0,0,0.00814664,0,0,0.166172458
UT Yadav,0.026910965,0.020668426,0.42406015,0.109844059,0,0,0.016293279,0.011494253,0,0.165413838
A Chopra,0.021185228,0.011653474,0.302857143,0.237411183,0,0,0.014256619,0,0,0.16530307
DS Kulkarni,0.028628686,0.019788918,0.381895332,0.15118165,0,0,0.012219959,0.007662835,0,0.164648588
CA Ingram,0.007157171,0.004617414,0.346153846,0.188137164,0,0,0.00610998,0,0,0.161534602
JDS Neesham,0.006298311,0.004617414,0.391304348,0.141102873,0,0,0.00203666,0.003831418,0,0.160871274
SJ Srivastava,0.012882909,0.010114336,0.428571429,0.095102303,0,0,0.00814664,0.007662835,0,0.159787733
BA Bhatt,0.001717721,0.001319261,0.367346939,0.161260426,0,0,0.00203666,0,0,0.158942588
LH Ferguson,0.001717721,0.001539138,0.428571429,0.094068582,0,0,0.00203666,0,0,0.157174369
SMSM Senanayake,0.00458059,0.002198769,0.25210084,0.268767377,0,0,0,0,0,0.156709372
JJ Bumrah,0.007443458,0.005496922,0.396825397,0.111986407,0,0,0.00203666,0.003831418,0,0.153937858
WA Mota,0.021471514,0.012313105,0.315789474,0.188137164,0,0,0.00610998,0,0,0.153910576
D du Preez,0.007157171,0.004397537,0.32967033,0.179178251,0,0,0,0,0,0.153452187
SW Tait,0.007157171,0.005057168,0.379120879,0.123632994,0,0,0.00203666,0.003831418,0,0.152062188
SL Malinga,0.02920126,0.019349164,0.366158114,0.118257646,0,0,0.012219959,0.019157088,0,0.15072453
MM Patel,0.011451474,0.008575198,0.407665505,0.087349398,0,0,0.010183299,0,0,0.150647395
VR Aaron,0.015745777,0.010114336,0.352040816,0.137369993,0,0,0.00407332,0.007662835,0,0.149366868
Z Khan,0.04008016,0.025725594,0.3556231,0.116465863,0,0,0.022403259,0.007662835,0,0.148231255
CK Langeveldt,0.002290295,0.001759015,0.380952381,0.107506951,0,0,0,0.003831418,0,0.147058101
WD Parnell,0.022616662,0.013852243,0.3375,0.141102873,0,0,0.010183299,0.003831418,0,0.147039635
Vishnu Vinod,0.007157171,0.004177661,0.313186813,0.170219339,0,0,0.00203666,0.003831418,0,0.146169921
MS Wade,0.00916118,0.004837291,0.285714286,0.197096077,0,0,0,0,0,0.145784897
R Shukla,0.006298311,0.004177661,0.354037267,0.127664504,0,0,0.00407332,0,0,0.145528345
Mashrafe Mortaza,0.000286287,0.000439754,0.428571429,0.053753475,0,0,0,0,0,0.144755761
NJ Rimmington,0.000286287,0.000439754,0.428571429,0.053753475,0,0,0,0,0,0.144755761
VS Malik,0.000286287,0.000439754,0.428571429,0.053753475,0,0,0,0,0,0.144755761
Parvez Rasool,0.00543945,0.003737907,0.364285714,0.114226135,0,0,0.00203666,0,0,0.144341884
M Rawat,0.019753793,0.012093228,0.336734694,0.134383689,0,0,0.00814664,0.003831418,0,0.144332677
SS Shaikh,0.021757801,0.014511873,0.367346939,0.093361299,0,0,0.010183299,0.011494253,0,0.142154035
AN Ghosh,0.002004008,0.001539138,0.375,0.094068582,0,0,0.00203666,0,0,0.141117255
Mohammed Shami,0.000858861,0.000879507,0.428571429,0.03583565,0,0,0,0,0,0.139453017
DP Vijaykumar,0.001145147,0.001099384,0.428571429,0.033595922,0,0,0,0,0,0.138817401
Anureet Singh,0.012024048,0.007255937,0.328903654,0.126704621,0,0,0.00407332,0.003831418,0,0.138524296
KC Cariappa,0.004866877,0.003298153,0.357142857,0.100787766,0,0,0,0.003831418,0,0.138182231
AR Bawne,0,0.000219877,0.428571429,0.026876738,0,0,0,0,0,0.136656438
BB Sran,0,0.000219877,0.428571429,0.026876738,0,0,0,0,0,0.136656438
RJ Peterson,0,0.000219877,0.428571429,0.026876738,0,0,0,0,0,0.136656438
R Sharma,0.001717721,0.001319261,0.367346939,0.080630213,0,0,0,0.003831418,0,0.134840843
CJ McKay,0.004008016,0.001759015,0.228571429,0.215013902,0,0,0,0,0,0.133451901
T Henderson,0.004294303,0.002418646,0.294642857,0.147822057,0,0,0,0.003831418,0,0.133425939
AD Nath,0.007729745,0.004397537,0.306122449,0.134383689,0,0,0.00203666,0,0,0.133120648
RP Singh,0.006584598,0.00351803,0.285714286,0.143342601,0,0,0,0,0,0.129398099
I Sharma,0.016604638,0.009894459,0.326876513,0.071144306,0,0,0.00610998,0.003831418,0,0.121883507
A Zampa,0.002004008,0.001099384,0.267857143,0.134383689,0,0,0,0,0,0.120882388
S Tyagi,0.000858861,0.000659631,0.321428571,0.080630213,0,0,0,0,0,0.120726541
J Theron,0.003435442,0.002198769,0.32967033,0.067191844,0,0,0.00203666,0,0,0.119592867
M Ntini,0.005153163,0.002418646,0.248120301,0.147822057,0,0,0.00407332,0,0,0.119567363
SM Harwood,0.003721729,0.001978892,0.275510204,0.12094532,0,0,0,0,0,0.119320633
Ankit Soni,0.002290295,0.001539138,0.333333333,0.062712388,0,0,0,0.003831418,0,0.11931203
GD McGrath,0.001145147,0.000879507,0.342857143,0.053753475,0,0,0.00203666,0,0,0.11927096
C Madan,0.003721729,0.002198769,0.306122449,0.089589126,0,0,0.00203666,0,0,0.119262002
FH Edwards,0.001145147,0.000879507,0.342857143,0.053753475,0,0,0,0,0,0.119128394
L Balaji,0.006870885,0.003957784,0.308571429,0.080630213,0,0,0.00610998,0,0,0.117927514
UA Birla,0.004008016,0.001539138,0.2,0.188137164,0,0,0.00203666,0,0,0.11693803
Imran Tahir,0.014028056,0.007915567,0.308571429,0.074427889,0,0,0.00407332,0.003831418,0,0.116907772
Karanveer Singh,0.00458059,0.002638522,0.302521008,0.080630213,0,0,0.00203666,0,0,0.115580814
Jaskaran Singh,0.002862869,0.001759015,0.311688312,0.071671301,0,0,0,0.003831418,0,0.115556814
TS Mills,0.002862869,0.001759015,0.311688312,0.071671301,0,0,0,0,0,0.115326929
SK Trivedi,0.017177212,0.009234828,0.295081967,0.080630213,0,0,0.00610998,0.003831418,0,0.115153581
SN Thakur,0.002290295,0.001539138,0.333333333,0.047034291,0,0,0.00203666,0,0,0.114521282
S Kaul,0.003435442,0.001978892,0.296703297,0.080630213,0,0,0,0,0,0.113569714
Sandeep Sharma,0.01002004,0.005716799,0.30952381,0.063526835,0,0,0.00203666,0,0,0.113130441
KP Appanna,0.003149155,0.001319261,0.214285714,0.161260426,0,0,0,0,0,0.112953226
A Kumble,0.013741769,0.00769569,0.306122449,0.062712388,0,0,0.00814664,0,0,0.112677373
JE Taylor,0.003149155,0.001978892,0.321428571,0.048378128,0,0,0,0,0,0.111297357
TM Srivastava,0.002862869,0.001759015,0.311688312,0.053753475,0,0,0,0,0,0.109951581
CJ Jordan,0.00543945,0.002638522,0.257142857,0.107506951,0,0,0,0,0,0.109930767
Washington Sundar,0.000858861,0.000659631,0.321428571,0.040315107,0,0,0,0,0,0.108632009
T Thushara,0.005153163,0.002638522,0.270676692,0.080630213,0,0,0,0,0,0.105913582
A Nehra,0.017749785,0.009014952,0.278911565,0.064820367,0,0,0.00610998,0.003831418,0,0.105566148
S Gopal,0.007443458,0.003078276,0.222222222,0.125424776,0,0,0.00203666,0,0,0.105116666
PJ Sangwan,0.008302319,0.004397537,0.285714286,0.059726084,0,0,0.00203666,0,0,0.104629547
Mohammad Nabi,0.022044088,0.011433597,0.285714286,0.049913941,0,0,0.00407332,0.003831418,0,0.10344905
CK Kapugedera,0.01002004,0.005277045,0.285714286,0.053753475,0,0,0.00203666,0,0,0.103011601
S Sreesanth,0.016032064,0.007475814,0.255639098,0.076150757,0,0,0.014256619,0,0,0.102084104
M Muralitharan,0.000572574,0.000439754,0.285714286,0.053753475,0,0,0,0,0,0.101912932
Kamran Khan,0.001145147,0.000659631,0.257142857,0.080630213,0,0,0,0,0,0.101455142
T Kohli,0.00543945,0.002418646,0.235714286,0.098548038,0,0,0,0.003831418,0,0.101022419
TA Boult,0.002004008,0.001099384,0.267857143,0.067191844,0,0,0.00203666,0,0,0.100867401
X Thalaivan Sargunam,0.00458059,0.002198769,0.25210084,0.067191844,0,0,0,0,0,0.096236712
AF Milne,0.003149155,0.001539138,0.25,0.062712388,0,0,0,0,0,0.094125088
SB Wagh,0.000572574,0.000439754,0.285714286,0.026876738,0,0,0,0,0,0.093849911
VY Mahesh,0.007729745,0.003298153,0.229591837,0.080630213,0,0,0,0,0,0.093782918
A Chandila,0.001717721,0.000879507,0.244897959,0.053753475,0,0,0,0,0,0.089769267
A Uniyal,0.001717721,0.000879507,0.244897959,0.053753475,0,0,0,0,0,0.089769267
Swapnil Singh,0.001145147,0.000659631,0.257142857,0.040315107,0,0,0,0,0,0.08936061
J Yadav,0.003149155,0.001319261,0.214285714,0.080630213,0,0,0,0,0,0.088764162
M de Lange,0.001431434,0.000659631,0.214285714,0.080630213,0,0,0,0,0,0.088612313
S Badree,0.006870885,0.002858399,0.222857143,0.069879518,0,0,0,0,0,0.088450382
Pankaj Singh,0.003149155,0.001539138,0.25,0.037627433,0,0,0,0,0,0.086599601
TD Paine,0.008016032,0.002198769,0.147783251,0.134383689,0,0,0,0,0,0.08527076
AS Rajpoot,0.010878901,0.003957784,0.197802198,0.080630213,0,0,0.00203666,0,0,0.084612013
PV Tambe,0.003435442,0.001319261,0.197802198,0.080630213,0,0,0.00203666,0,0,0.083975988
YS Chahal,0.008016032,0.003298153,0.221674877,0.050393883,0,0,0,0,0,0.082351245
AB Dinda,0.014028056,0.005716799,0.222857143,0.043674699,0,0,0.00407332,0,0,0.081517768
PM Sarvesh Kumar,0.000858861,0.000439754,0.214285714,0.053753475,0,0,0,0,0,0.080498675
Younis Khan,0.001717721,0.000659631,0.183673469,0.080630213,0,0,0,0,0,0.079442954
BAW Mendis,0.001431434,0.000659631,0.214285714,0.040315107,0,0,0,0,0,0.076517781
B Laughlin,0.002290295,0.000879507,0.19047619,0.053753475,0,0,0,0,0,0.073471365
D Kalyankrishna,0.004294303,0.001319261,0.160714286,0.080630213,0,0,0,0,0,0.072749991
SB Joshi,0.002004008,0.000659631,0.160714286,0.080630213,0,0,0,0,0,0.072569513
PSP Handscomb,0.001431434,0.000659631,0.214285714,0.026876738,0,0,0,0,0,0.07248627
Mohammad Asif,0.000286287,0.000219877,0.214285714,0.026876738,0,0,0,0,0,0.072385038
S Randiv,0.000286287,0.000219877,0.214285714,0.026876738,0,0,0,0,0,0.072385038
SE Bond,0.000286287,0.000219877,0.214285714,0.026876738,0,0,0,0,0,0.072385038
R Ninan,0.000858861,0.000439754,0.214285714,0.017917825,0,0,0,0,0,0.06974798
H Das,0.001145147,0.000439754,0.171428571,0.053753475,0,0,0,0,0,0.067655847
S Nadeem,0.02004008,0.005716799,0.15694165,0.043674699,0,0,0.00203666,0,0,0.061901155
JD Unadkat,0.003435442,0.001099384,0.164835165,0.026876738,0,0,0,0,0,0.057795281
DP Nannes,0.003435442,0.000879507,0.131868132,0.053753475,0,0,0,0,0,0.055946205
P Awana,0.003721729,0.001099384,0.153061224,0.026876738,0,0,0,0,0,0.054277414
PP Ojha,0.012596622,0.00351803,0.152380952,0.022633042,0,0,0,0,0,0.053485832
BE Hendricks,0.000572574,0.000219877,0.142857143,0.026876738,0,0,0,0,0,0.050970781
RS Gavaskar,0.002004008,0.000439754,0.107142857,0.053753475,0,0,0,0,0,0.048413076
Shoaib Akhtar,0.002004008,0.000439754,0.107142857,0.053753475,0,0,0,0,0,0.048413076
DJ Muthuswami,0.000572574,0.000219877,0.142857143,0.013438369,0,0,0,0,0,0.04693927
P Parameswaran,0.000572574,0.000219877,0.142857143,0.013438369,0,0,0,0,0,0.04693927
Mohammad Ashraful,0.003149155,0.000439754,0.071428571,0.053753475,0,0,0,0,0,0.037756047
A Singh,0.002576582,0.000439754,0.085714286,0.010750695,0,0,0,0,0,0.029112299
Shoaib Ahmed,0.001431434,0.000219877,0.071428571,0.008958913,0,0,0,0,0,0.024209805
RR Bhatkal,0.003435442,0,0,0,0,0,0,0,0,0.000171772
S Kaushik,0.002576582,0,0,0,0,0,0,0,0,0.000128829
Abdur Razzak,0.000286287,0,0,0,0,0,0,0,0,1.43E-05
C Nanda,0.000286287,0,0,0,0,0,0,0,0,1.43E-05
IC Pandey,0.000286287,0,0,0,0,0,0,0,0,1.43E-05
ND Doshi,0.000286287,0,0,0,0,0,0,0,0,1.43E-05
L Ablish,0,0,0,0,0,0,0,0,0,0
M Ashwin,0,0,0,0,0,0,0,0,0,0
S Ladda,0,0,0,0,0,0,0,0,0,0
Sunny Gupta,0,0,0,0,0,0,0,0,0,0
U Kaul,0,0,0,0,0,0,0,0,0,0
V Pratap Singh,0,0,0,0,0,0,0,0,0,0
YA Abdulla,0,0,0,0,0,0,0,0,0,0
