player,2008,2009,2010,2011,2012,2013,2014,2015,2016,2017,avg.strike rate
ER Dwivedi,,,,,,,,,1.138888889,,1.138888889
Kamran Akmal,0.88117284,,,,,,,,,,0.88117284
LJ Wright,,,,,,0.869047619,,,,,0.869047619
AJ Tye,,,,,,,,,,0.861111111,0.861111111
BR Dunk,,,,,,,0.819444444,,,,0.819444444
UT Khawaja,,,,,,,,,0.818981481,,0.818981481
R Tewatia,,,,,,,0.791666667,,,0.833333333,0.8125
DL Chahar,,,,,,,,,,0.777777778,0.777777778
Umar Gul,0.770833333,,,,,,,,,,0.770833333
KK Cooper,,,,,1.041666667,0.65,0.611111111,,,,0.767592593
JJ Roy,,,,,,,,,,0.75462963,0.75462963
BCJ Cutting,,,,,,,0.5,,0.854166667,0.902777778,0.752314815
AUK Pathan,,,,0.916666667,0.583333333,,,,,,0.75
BJ Haddin,,,,0.75,,,,,,,0.75
CH Gayle,,0.720352333,0.801155429,0.98806606,0.738223915,0.791087963,0.693123422,0.915503925,0.578560606,0.464618406,0.743410229
BJ Rohrer,,,,,,0.740722934,,,,,0.740722934
Salman Butt,0.736494598,,,,,,,,,,0.736494598
A Flintoff,,0.730820106,,,,,,,,,0.730820106
ML Hayden,0.783854167,0.826084844,0.563211615,,,,,,,,0.724383542
S Vidyut,0.720684524,,,,,,,,,,0.720684524
CR Brathwaite,,,,,,,,,1.053240741,0.375,0.71412037
KH Pandya,,,,,,,,,0.828125,0.596861472,0.712493236
A Ashish Reddy,,,,,0.794444444,0.586111111,,0.727777778,0.725925926,,0.708564815
V Sehwag,0.886867993,0.714267677,0.72457483,0.824321407,0.664651538,0.632438232,0.743994568,0.450793651,,,0.705238737
NL McCullum,,,,0.697916667,,,,,,,0.697916667
ST Jayasuriya,1.081021954,0.542445749,0.46875,,,,,,,,0.697405901
RA Tripathi,,,,,,,,,,0.684376272,0.684376272
SN Khan,,,,,,,,0.574829932,0.783730159,,0.679280045
DA Warner,,0.559665533,0.595959596,0.532804233,0.878432765,0.47791745,0.665693929,0.842052932,0.800065027,0.743292001,0.677320385
KA Pollard,,,0.995946712,0.447205688,0.575420875,0.714746673,0.568232323,0.774617347,0.66359127,0.677179346,0.677117529
S Narwal,,,0.351851852,,,1,,,,,0.675925926
DJ Harris,,,,,0.674305556,,,,,,0.674305556
AC Gilchrist,0.707057823,0.775744048,0.723958333,0.589120969,0.649244142,0.599847122,,,,,0.674162073
CH Morris,,,,,,0.222222222,,0.692460317,0.858862434,0.910912698,0.671114418
JC Buttler,,,,,,,,,0.618173658,0.72212001,0.670146834
TR Birt,,,,0.668888889,,,,,,,0.668888889
KL Rahul,,,,,,1,0.484597197,0.521370701,0.665497388,,0.667866322
AR Bawne,,,,,,,,,,0.666666667,0.666666667
DAJ Bracewell,,,,,0.666666667,,,,,,0.666666667
RS Sodhi,,,0.666666667,,,,,,,,0.666666667
Y Gnaneswara Rao,,,,0.666666667,,,,,,,0.666666667
SPD Smith,,,,,0.659358466,0.713227513,0.712443311,0.547163716,0.720219199,0.58526936,0.656280261
SB Styris,0.343005952,0.777777778,,0.833333333,,,,,,,0.651372354
LA Carseldine,,0.65,,,,,,,,,0.65
AD Russell,,,,,0.8875,0.444444444,0.125,0.893070314,0.89360119,,0.64872319
SM Katich,0.80952381,0.484053498,,,,,,,,,0.646788654
SP Jackson,,,,,,,,,,0.645502646,0.645502646
R Dhawan,,,,,,0.483333333,0.553703704,0.363095238,1.166666667,,0.641699735
A Symonds,0.718981481,0.825766595,0.584656085,0.4363623,,,,,,,0.641441615
P Negi,,,,,0.576388889,,,0.706481481,0.535648148,0.74625,0.64119213
MS Dhoni,0.633740334,0.53764985,0.538872491,0.729884005,0.619876284,0.729981217,0.781067019,0.575418046,0.72974537,0.531203704,0.640743832
YK Pathan,0.752971103,0.628810541,0.688030818,0.748508899,0.525883838,0.606175595,0.638458995,0.636954365,0.698422091,0.477777778,0.640199402
TG Southee,,,,,,,0.333333333,0.541666667,0.493055556,1.166666667,0.633680556
JA Morkel,0.772261905,0.604166667,0.576406926,0.768132716,0.735185185,0.465873016,0.484444444,0.719135802,0.566666667,,0.632474814
RV Uthappa,0.586722702,0.411599512,0.837356559,0.596015096,0.628391726,0.600962015,0.668616553,0.708633959,0.630002793,0.616981629,0.628528254
AC Voges,,,0.625519652,,,,,,,,0.625519652
J Botha,,0.532407407,,0.49311491,0.538690476,0.323148148,,1.222222222,,,0.621916633
B Akhil,0.541666667,0.6,,0.722222222,,,,,,,0.621296296
DR Smith,0.52962963,0.709295334,0.425925926,,0.629490393,0.672829201,0.766838686,0.62068039,0.624537037,0.610479798,0.621078488
LPC Silva,0.62037037,,,,,,,,,,0.62037037
KS Williamson,,,,,,,,0.652777778,0.416138954,0.780753968,0.6165569
JR Hopes,0.606124936,,,0.625526557,,,,,,,0.615825746
AB de Villiers,0.45787037,0.532529508,0.359401709,0.551935991,0.638765223,0.800453515,0.684497981,0.84628253,0.662093493,0.590174897,0.612400522
DA Miller,,,,,0.57797619,0.709699174,0.693948413,0.678509204,0.535790598,0.475892857,0.611969406
SR Watson,0.714521994,,0.704166667,0.614983165,0.670292208,0.69858709,0.549832112,0.707971776,0.486005291,0.356575964,0.611437363
SK Raina,0.582121566,0.731349455,0.693434247,0.59236257,0.616898148,0.536271055,0.695945258,0.499154712,0.545403609,0.618318641,0.611125926
A Choudhary,,,,,,,,,,0.611111111,0.611111111
C Madan,,,0.611111111,,,,,,,,0.611111111
YV Takawale,0.891414141,0.5,,,,,0.434679487,,,,0.608697876
DJ Bravo,0.60170068,0.447585979,0.536805556,0.638888889,0.868962981,0.719675926,0.666666667,0.511782021,0.451256614,,0.604813924
M Vohra,,,,,,0.518809524,0.805209007,0.448280423,0.550396825,0.689917695,0.602522695
GJ Maxwell,,,,,0.229166667,0.680555556,0.817184841,0.701443001,0.447664835,0.735958486,0.601995564
Yuvraj Singh,0.731074481,0.549451805,0.659331839,0.595050783,,0.537286325,0.624287089,0.517592593,0.650079365,0.544159544,0.600923758
AP Dole,,,0.597222222,,,,,,,,0.597222222
D Salunkhe,0.595238095,,,,,,,,,,0.595238095
N Rana,,,,,,,,,0.635802469,0.551662458,0.593732464
SE Marsh,0.693542715,,0.41310307,0.656803045,0.582417582,0.560007876,0.811868687,0.488095238,0.445223064,0.670436508,0.591277532
PD Collingwood,,,0.590272776,,,,,,,,0.590272776
Shahid Afridi,0.58994709,,,,,,,,,,0.58994709
BB McCullum,0.845138889,0.552883812,0.44016637,0.682889048,0.44890555,0.25,0.595436317,0.898300937,0.542722989,0.642093008,0.589853692
BA Stokes,,,,,,,,,,0.589463228,0.589463228
Q de Kock,,,,,,0.305555556,0.69053288,0.692901235,0.667127581,,0.589029313
V Kohli,0.486877706,0.535774411,0.668696581,0.65171842,0.525466853,0.683153619,0.448668053,0.657969814,0.702508844,0.51011815,0.587095245
I Malhotra,,,,0.583333333,,,,,,,0.583333333
P Sahu,,,,,,,,,0.583333333,,0.583333333
STR Binny,,,0.666666667,0.569444444,0.508597884,0.593080357,0.311147186,0.505555556,1.057777778,0.451530612,0.58297506
JDS Neesham,,,,,,,0.581481481,,,,0.581481481
CA Lynn,,,,,0.291666667,,0.556818182,,0.5,0.965407958,0.578473202
S Dhawan,0.487743167,0.453571429,0.569540645,0.602172637,0.6683936,0.519583333,0.67281746,0.604293854,0.537756769,0.606881426,0.572275432
AJ Finch,,,0.5,0.319444444,0.65327381,0.673292465,0.550319962,0.405555556,0.726058201,0.749178172,0.572140326
JP Duminy,,0.502821071,0.581972789,0.50718254,0.652509219,,0.624437286,0.568554522,0.561079545,,0.571222425
KP Pietersen,,0.348765432,0.720115268,,0.754648775,,0.585122327,,0.43459596,,0.568649552
MV Boucher,0.593293651,0.53287037,0.3125,0.833333333,,,,,,,0.567999339
LRPL Taylor,0.908424908,0.600326862,0.481529582,0.520851371,0.564699074,0.448095238,0.439636752,,,,0.566223398
AP Majumdar,,,,,0.56547619,,,,,,0.56547619
DPMD Jayawardene,0.518132716,0.555185185,0.69459707,0.55930309,0.504498372,0.553133518,,,,,0.564141658
Harbhajan Singh,0.5,0.620277778,0.702097506,0.703993056,0.427272727,0.518696581,0.555555556,0.744708995,0.452758881,0.404761905,0.563012298
HH Pandya,,,,,,,,0.65162037,0.302469136,0.733767361,0.562618956
B Lee,0.407407407,0.40625,0.5,0.125,1.055555556,0.875,,,,,0.561535494
W Jaffer,0.520622896,0.597222222,,,,,,,,,0.558922559
G Gambhir,0.661035898,0.486419753,0.626038041,0.483551976,0.61957672,0.563364367,0.440713872,0.480407501,0.541160814,0.682090843,0.558435979
MN van Wyk,,0.558333333,,,,,,,,,0.558333333
DJ Hooda,,,,,,,,0.617901235,0.466666667,0.588888889,0.55781893
WP Saha,0.578333333,0.587301587,0.531746032,0.63047138,0.222222222,0.683333333,0.597300983,0.688325563,0.567332552,0.479258169,0.556562516
KAJ Roach,,,0.555555556,,,,,,,,0.555555556
CL White,0.448784722,,0.908333333,0.423190236,0.570968509,0.426039239,,,,,0.555463208
SM Pollock,0.554976852,,,,,,,,,,0.554976852
SR Tendulkar,0.470748299,0.517165229,0.70319705,0.582886135,0.520267967,0.526578283,,,,,0.553473827
RA Jadeja,0.478946208,0.554324842,,0.640092932,0.544642857,0.523681973,0.693888889,0.428030303,0.472363316,0.645277778,0.553472122
AS Yadav,0.553240741,,,,,,,,,,0.553240741
RG Sharma,0.672548748,0.553144541,0.509600931,0.561995154,0.465039709,0.512520224,0.551443834,0.672262872,0.596014654,0.40455245,0.549912312
Gurkeerat Singh,,,,,1.017824074,0.352674897,,0.358333333,0.470238095,,0.5497676
KC Sangakkara,0.775683422,0.465537241,0.608455087,0.518094868,0.51473064,0.41563786,,,,,0.549689853
JP Faulkner,,,,,0.395833333,0.379012346,0.809837963,0.573244348,0.665555556,0.472222222,0.549284295
SW Billings,,,,,,,,,0.520833333,0.577601411,0.549217372
AD Mathews,,0.566666667,0.578005952,,0.598315747,0.483611111,,0.64265873,,0.422619048,0.548646209
AN Ahmed,,,0.333333333,0.75,,,0.666666667,0.444444444,,,0.548611111
LMP Simmons,,,,,,,0.736420709,0.622286047,0.444444444,0.388369963,0.547880291
LA Pomersbach,0.592407407,0.446022727,,0.5375,,0.611111111,,,,,0.546760311
T Taibu,0.546296296,,,,,,,,,,0.546296296
R Dravid,0.448434601,0.469353505,0.566774892,0.589324545,0.575903484,0.623475299,,,,,0.545544388
S Anirudha,0.5,,1.305555556,0.433888889,0.777777778,0,0.25,,,,0.544537037
MF Maharoof,0.677083333,0.625,0.326388889,,,,,,,,0.542824074
CJ Anderson,,,,,,,0.674980575,0.503739316,,0.447222222,0.541980704
DNT Zoysa,0.541666667,,,,,,,,,,0.541666667
K Upadhyay,,,,,0.916666667,0.166666667,,,,,0.541666667
MJ McClenaghan,,,,,,,,0.722222222,0.694444444,0.205555556,0.540740741
M Vijay,,0.466224747,0.673355084,0.580263909,0.497832723,0.485686664,0.417487142,0.552946128,0.641595527,,0.539423991
SP Fleming,0.539305556,,,,,,,,,,0.539305556
DB Das,0.470701058,,,,0.646805556,0.499845679,,,,,0.539117431
JEC Franklin,,,,0.670767196,0.406117092,,,,,,0.538442144
D Wiese,,,,,,,,0.657029478,0.416666667,,0.536848073
MA Agarwal,,,,0.552362915,0.67526455,0.503055556,0.604265873,0.525612536,0.546296296,0.344444444,0.53590031
KD Karthik,0.64047619,0.610470085,0.518995654,0.514004941,0.460698396,0.523362943,0.472531437,0.594444444,0.511859992,0.511396011,0.535824009
Azhar Mahmood,,,,,0.611940883,0.411428571,,0.583333333,,,0.535567596
RN ten Doeschate,,,,0.827380952,0.411111111,0.587301587,0.416666667,0.434722222,,,0.535436508
DH Yagnik,,,,0.361111111,0.722222222,0.629232804,0.416666667,,,,0.532308201
SA Asnodkar,0.768863544,0.443643162,0.416666667,0.5,,,,,,,0.532293343
FY Fazal,,,0.507859347,0.555555556,,,,,,,0.531707451
DJ Hussey,0.490877712,0.79375,0.544444444,0.341666667,0.590353535,0.482868731,0.470862471,,,,0.53068908
MEK Hussey,0.69047619,,0.402777778,0.553780655,0.567600353,0.598784031,0.510515873,0.366421569,,,0.527193778
SV Samson,,,,,,0.440032051,0.567501943,0.577059557,0.479719388,0.567358931,0.526334374
AT Rayudu,,,0.673201402,0.4801759,0.484343053,0.547906322,0.471085892,0.581358655,0.581620742,0.385353535,0.525630688
SS Tiwary,0.470833333,0.361111111,0.650748942,0.486431624,0.470256133,0.450749559,,0.749228395,0.493833944,0.59375,0.525215894
MC Henriques,,0.349206349,0.611111111,,,0.724083119,0.152777778,0.737108262,0.439722222,0.661099633,0.525015496
Sohail Tanvir,0.525,,,,,,,,,,0.525
EJG Morgan,,,0.525,0.469135802,,0.63300695,,0.653571429,0.423765432,0.445188492,0.524944684
MD Mishra,,,0.50021645,0.404166667,0.666666667,,,,,,0.523683261
RR Pant,,,,,,,,,0.467777778,0.575445883,0.521611831
DT Patil,0.520833333,,,,,,,,,,0.520833333
OA Shah,,,0.479259259,0.645833333,0.608666334,0.34375,,,,,0.519377232
MJ Guptill,,,,,,,,,0.400925926,0.636507937,0.518716931
M Kaif,0.54053288,,0.527777778,0.614583333,0.388888889,,,,,,0.51794572
JO Holder,,,,,,,0.666666667,,0.368055556,,0.517361111
Y Venugopal Rao,0.642132937,0.379530423,0.267361111,0.547348485,0.51972102,,0.742222222,,,,0.516386033
NV Ojha,,0.439186508,0.596794814,0.462613379,0.542824074,0.25,0.914880952,0.47516835,0.471688034,0.493095238,0.51625015
Ishan Kishan,,,,,,,,,0.345833333,0.685253358,0.515543346
SA Yadav,,,,,0,,0.947222222,0.548687424,0.590151515,0.491496599,0.515511552
JD Ryder,,0.375833333,,0.723519536,0.44671907,,,,,,0.515357313
F du Plessis,,,,,0.620891989,,0.526851852,0.551243201,0.536651235,0.333333333,0.513794322
MS Bisla,,,0.642083333,0.509722222,0.5879329,0.44663282,0.125,0.770833333,,,0.513700768
V Shankar,,,,,,,,,,0.511309524,0.511309524
Bipul Sharma,,,0.305555556,0.344444444,0.7125,,,0.166666667,0.90625,0.62962963,0.510841049
AB Agarkar,0.541666667,0.437962963,0.638888889,0.555555556,,0.375,,,,,0.509814815
C Munro,,,,,,,,,0.509259259,,0.509259259
RR Sarwan,0.508680556,,,,,,,,,,0.508680556
BJ Hodge,0.236111111,0.475249961,0.390873016,0.622503489,0.554840568,0.555456349,0.718981481,,,,0.507716568
RJ Quiney,,0.507709751,,,,,,,,,0.507709751
JM Kemp,,,0.505555556,,,,,,,,0.505555556
HH Gibbs,0.505150713,0.429556148,0.630338319,,0.456790123,,,,,,0.505458826
NLTC Perera,,,,0.327380952,0.291666667,0.659623016,,0.486111111,0.745277778,,0.502011905
S Badrinath,0.599621212,0.370504496,0.601461409,0.637786596,0.438055155,0.363900914,,,,,0.501888297
DJG Sammy,,,,,,0.552292769,0.679409171,0.270833333,,,0.500845091
PA Reddy,,,,,0.592592593,0.408541194,,,,,0.500566893
BA Bhatt,,,,0,1,,,,,,0.5
DM Bravo,,,,,,,,,,0.5,0.5
GR Napier,,0.5,,,,,,,,,0.5
KMDN Kulasekara,,,,,0.5,,,,,,0.5
MA Khote,0.5,,,,,,,,,,0.5
RD Chahar,,,,,,,,,,0.5,0.5
Rashid Khan,,,,,,,,,,0.5,0.5
PA Patel,0.570762108,0.423133451,0.418981481,0.436298886,0.490751764,0.524423017,0.463734568,0.602928949,0.472288676,0.595746528,0.499904943
S Rana,,,,0.555555556,,,0.442857143,,,,0.499206349
GJ Bailey,,0.55,0.458333333,,,,0.525297619,0.55562996,0.402777778,,0.498407738
AM Rahane,0.25,0.406453634,,0.486111111,0.525016752,0.422565386,0.567181826,0.765016728,0.518193436,0.518815213,0.495483787
CA Pujara,,,0.615244709,0.439814815,0.333333333,0.488020833,0.600943256,,,,0.495471389
MK Tiwary,0.55,0.25,0.488383838,0.565703954,0.514983919,0.416820988,0.508026696,0.533333333,,0.613670262,0.493435888
RJ Peterson,,,,,0.493333333,,,,,,0.493333333
AR Patel,,,,,,,0.269264069,0.514508177,0.578075397,0.608638584,0.492621557
SP Goswami,0.499158249,0.502777778,0.666666667,0.428571429,0.35978836,,,,,,0.491392496
HM Amla,,,,,,,,,0.436403509,0.542845488,0.489624498
TM Head,,,,,,,,,0.559259259,0.418154762,0.488707011
KM Jadhav,,,0.535185185,0.21875,,0.426433983,0.546468254,0.482882395,0.560185185,0.626994302,0.485271329
TL Suman,,0.557957552,0.534144408,0.481481481,0.4375,0.415,,,,,0.485216688
M Manhas,,0.437037037,0.451367845,0.304384921,0.625613276,0.266666667,0.825,,,,0.485011624
JH Kallis,0.512056714,0.534317357,0.538780938,0.495880578,0.432933604,0.392541949,0.474206349,,,,0.482959641
DT Christian,,,,0.486930199,0.575396825,0.236111111,,,,0.62962963,0.482016941
SS Iyer,,,,,,,,0.660811659,0.198412698,0.585636123,0.48162016
Niraj Patel,0.651988636,0.311111111,,,,,,,,,0.481549874
GC Smith,0.615392015,0.340528973,0.573412698,0.389880952,,,,,,,0.47980366
KV Sharma,,0.166666667,,,,0.477283034,0.4375,0.544753086,0.666666667,0.581018519,0.478981329
TM Dilshan,0.502409297,0.656620717,0.300154321,0.478403395,0.510678646,0.421825397,,,,,0.478348629
MR Marsh,,,0.529761905,0.37654321,,0.617992424,,,0.388888889,,0.478296607
RJ Harris,,0.6,0.522222222,0.351190476,0.75,0.166666667,,,,,0.478015873
Sunny Singh,,,,0.477777778,,,,,,,0.477777778
IK Pathan,0.578710317,0.619862314,0.633852259,0.56517094,0.610697751,0.470034595,0.402777778,,0.248148148,0.166666667,0.47732453
LR Shukla,0.656123737,0.408048433,0.736111111,0.583333333,0.465079365,0.145833333,0.342592593,,,,0.476731701
J Suchith,,,,,,,,0.475,,,0.475
AP Tare,,,0.673611111,,,0.580911681,0.649062049,0.479166667,0.2,0.266666667,0.474903029
RR Powar,0.69047619,0.611111111,0.291666667,0.305555556,,,,,,,0.474702381
J Syed Mohammad,,,,0.486111111,0.666666667,0.270833333,,,,,0.474537037
PP Chawla,0.726190476,0.321180556,0.655092593,0.490740741,0.575231481,0.423611111,0.505555556,0.43452381,0.5,0.111111111,0.474323743
KK Nair,,,,,,0.15,0.584034989,0.504896724,0.569827374,0.561403792,0.474032576
S Sohal,0.166666667,0.628125,,0.613015873,,,,,,,0.46926918
DB Ravi Teja,0.589506173,0.56712963,,0.522597002,0.333333333,0.333333333,,,,,0.469179894
Misbah-ul-Haq,0.468171296,,,,,,,,,,0.468171296
SC Ganguly,0.635612536,0.326426414,0.587483653,0.339506173,0.451203704,,,,,,0.468046496
MG Johnson,,,,,,0.506944444,0.421875,0.444444444,0.1875,0.777777778,0.467708333
AS Raut,,0.488636364,0.314285714,0.600198413,,,,,,,0.46770683
PR Shah,0.513888889,0.46875,,0.416666667,,,,,,,0.466435185
RV Gomez,,,,0.2625,,0.666666667,,,,,0.464583333
VH Zol,,,,,,,0.461309524,,,,0.461309524
B Chipli,0.444444444,,,0.441287879,0.343253968,0.611111111,,,,,0.460024351
AA Noffke,0.458333333,,,,,,,,,,0.458333333
SA Abbott,,,,,,,,0.458333333,,,0.458333333
MK Pandey,0.125,0.524920255,0.483580771,0.5724841,0.416130604,0.418831169,0.523643605,0.468011464,0.48008658,0.562526285,0.457521483
CM Gautam,,,,,,0.451388889,0.581069959,0.333333333,,,0.45526406
Ankit Sharma,,,,,0.333333333,,0.773809524,0.194444444,0.25,0.722222222,0.454761905
HV Patel,,,,,0.361111111,,0.555555556,0.444444444,,,0.453703704
AM Nayar,0.568518519,0.544929818,0.497222222,0.331790123,0.4,0.271296296,0.548611111,,,,0.45176687
MJ Clarke,,,,,0.450637326,,,,,,0.450637326
M Morkel,,0.5,0.236111111,0.755555556,0.166666667,0.6875,0.416666667,0.666666667,0.166666667,,0.449479167
WPUJC Vaas,0.385416667,0.555555556,0.397777778,,,,,,,,0.44625
Y Nagar,,0.611111111,0.166666667,0.481203704,0.524007937,,,,,,0.445747354
A Mithun,,,0.416666667,0.583333333,,0.333333333,,,,,0.444444444
Ankit Soni,,,,,,,,,,0.444444444,0.444444444
F Behardien,,,,,,,,,0.444444444,,0.444444444
L Ronchi,0.722222222,0.166666667,,,,,,,,,0.444444444
CR Woakes,,,,,,,,,,0.44047619,0.44047619
N Saini,,,,,0.439142247,,,,,,0.439142247
R Vinay Kumar,0.370833333,0.616666667,0.310555556,0.406462585,0.446428571,1.132142857,0.166666667,0.166666667,0.333333333,,0.438861804
SD Chitnis,0.75,0.291666667,,0.3,0.411237374,,,,,,0.43822601
Shakib Al Hasan,,,,0.403703704,0.544444444,,0.575577201,0.537037037,0.401488095,0.166666667,0.438152858
R Sathish,,,0.522916667,0.288359788,,0.565972222,,,0.375,,0.438062169
NM Coulter-Nile,,,,,,0.5,,0.522222222,0.2,0.527777778,0.4375
Sachin Baby,,,,,,0.333333333,,,0.60297619,0.37037037,0.435559965
R Rampaul,,,,,,0.435185185,0.433333333,,,,0.434259259
RS Bopara,,0.471879699,0.382349814,,,,,0.446864478,,,0.433697997
S Sriram,,,0.53030303,0.333333333,,,,,,,0.431818182
SM Harwood,,0.430555556,,,,,,,,,0.430555556
Mandeep Singh,,,0.111111111,0.516666667,0.565804812,0.514612921,0.296296296,0.561948006,,0.431271044,0.428244408
MP Stoinis,,,,,,,,,0.543187831,0.310185185,0.426686508
GH Vihari,,,,,,0.366729143,,0.486111111,,,0.426420127
TS Mills,,,,,,,,,,0.425925926,0.425925926
C de Grandhomme,,,,,,,,,,0.425925926,0.425925926
RR Rossouw,,,,,,,0.433333333,0.416666667,,,0.425
S Aravind,,,,0.791666667,0.583333333,,,0,,0.310185185,0.421296296
S Chanderpaul,0.421296296,,,,,,,,,,0.421296296
AD Mascarenhas,0.375,0.462962963,0.541666667,,0.305555556,0.416666667,,,,,0.42037037
AB McDonald,,0.25,0.752777778,0.444444444,0.64537037,0,,,,,0.418518519
MDKJ Perera,,,,,,0.416666667,,,,,0.416666667
NJ Maddinson,,,,,,,0.5,0.333333333,,,0.416666667
Shivam Sharma,,,,,,,0.416666667,,,,0.416666667
TA Boult,,,,,,,,,,0.416666667,0.416666667
VRV Singh,0.416666667,,,,,,,,,,0.416666667
MC Juneja,,,,,,0.415178571,,,,,0.415178571
MS Gony,0.677777778,0.791666667,0.25,0.083333333,0.222222222,0.441666667,,,,,0.411111111
K Goel,0.486111111,0.441317941,0.291666667,,,,,,,,0.40636524
Yashpal Singh,,0.40625,,,,,,,,,0.40625
R Bhatia,0.572222222,0.177777778,0.458333333,0.310185185,0.464814815,0.583611111,0.666666667,0,0.423333333,0.404761905,0.406170635
Anureet Singh,,,,,,,,0.302083333,,0.5,0.401041667
CJ Ferguson,,,,0.455555556,0.345039683,,,,,,0.400297619
Mohammad Hafeez,0.400173611,,,,,,,,,,0.400173611
VVS Laxman,0.428913316,0.244444444,0.44537037,0.475308642,,,,,,,0.398509193
R Ashwin,,0.333333333,0.296296296,0.083333333,0.45,0.572619048,0.644444444,0.513888889,0.275,,0.396114418
PC Valthaty,,0.25,,0.77745595,0.213888889,0.333333333,,,,,0.393669543
M Klinger,,,,0.391414141,,,,,,,0.391414141
Harmeet Singh,,,0,,0.666666667,0.5,,,,,0.388888889
J Yadav,,,,,,,,,0.388888889,,0.388888889
KJ Abbott,,,,,,,,,0.388888889,,0.388888889
MS Wade,,,,0.388888889,,,,,,,0.388888889
Vishnu Vinod,,,,,,,,,,0.388888889,0.388888889
A Mishra,0.323232323,0.466666667,0.391666667,0.49691358,0.261111111,0.479320988,0.444444444,0.208333333,0.111111111,0.693055556,0.387585578
M Kartik,0.427777778,0.395833333,0.375,0.366666667,0.592592593,0.166666667,,,,,0.38742284
Shoaib Malik,0.387037037,,,,,,,,,,0.387037037
BB Samantray,,,,,0.333333333,0.436733405,,,,,0.385033369
AL Menaria,,,,0.53244709,0.449742965,0.166666667,,,,,0.382952241
AA Jhunjhunwala,,,0.498002137,0.305555556,0.345238095,,,,,,0.382931929
RR Raje,0.416666667,0.347222222,,,,,,,,,0.381944444
DS Kulkarni,0.125,0.296296296,,0.111111111,0.833333333,,0.638888889,0.208333333,0.666666667,0.166666667,0.380787037
Kuldeep Yadav,,,,,,,,,,0.377777778,0.377777778
B Sumanth,,,0.375,,,,,,,,0.375
GB Hogg,,,,,0.444444444,,,0.305555556,,,0.375
VS Malik,,,0.666666667,,,,0.083333333,,,,0.375
Basil Thampi,,,,,,,,,,0.372222222,0.372222222
Washington Sundar,,,,,,,,,,0.366666667,0.366666667
DL Vettori,,0.328282828,0.5,0.269097222,0.361111111,,,,,,0.36462279
B Kumar,,,,0.166666667,0.489583333,0.266049383,0.125,0.638888889,0.510416667,0.333333333,0.361419753
RE van der Merwe,,0.564980159,0.166666667,0.291666667,,0.416666667,,,,,0.35999504
Anirudh Singh,,,0.359027778,,,,,,,,0.359027778
KB Arun Karthik,,,0.333333333,0.319444444,,0.423809524,,,,,0.358862434
SP Narine,,,,,0.416666667,0.342592593,0.263888889,0.166666667,0.25,0.713095238,0.358818342
MA Starc,,,,,,,0.46359127,0.25,,,0.356795635
Parvez Rasool,,,,,,0.180555556,,0.333333333,0.555555556,,0.356481481
MJ Lumb,,,0.7120671,0,,,,,,,0.35603355
SK Warne,0.537698413,0.433796296,0.166666667,0.277777778,,,,,,,0.353984788
VR Aaron,,,,0,0.083333333,,0.476851852,1,,0.208333333,0.353703704
JDP Oram,0.708333333,0.344328704,,0,,,,,,,0.350887346
P Kumar,0.428472222,0.491666667,0.166666667,0.408730159,0.607142857,0.563492063,0.166666667,0.177083333,0.256944444,0.236111111,0.350297619
VY Mahesh,0.35,,,,,,,,,,0.35
PJ Cummins,,,,,,,,0.083333333,,0.614583333,0.348958333
AB Barath,,,0.347222222,,,,,,,,0.347222222
Z Khan,0.317460317,0.333333333,0.694444444,0.291666667,0.25,,0.555555556,,0.194444444,0.138888889,0.346974206
AC Blizzard,,,,0.690277778,0,,,,,,0.345138889
Iqbal Abdulla,0.166666667,,0.166666667,0.583333333,0.166666667,0.283333333,,0.4,0.708333333,0.277777778,0.344097222
DJ Thornely,0.343998016,,,,,,,,,,0.343998016
CRD Fernando,0.333333333,,0.333333333,,,,,,,,0.333333333
D du Preez,,0.333333333,,,,,,,,,0.333333333
GD McGrath,0.333333333,,,,,,,,,,0.333333333
JE Taylor,,,,0.333333333,,,,,,,0.333333333
M Ntini,0.333333333,,,,,,,,,,0.333333333
Mashrafe Mortaza,,0.333333333,,,,,,,,,0.333333333
Mohammad Nabi,,,,,,,,,,0.333333333,0.333333333
RG More,,,,,,,,0.333333333,,,0.333333333
S Randiv,,,,0.333333333,,,,,,,0.333333333
SB Jakati,,0.583333333,,,0.25,,,,0.166666667,,0.333333333
SS Shaikh,,0.333333333,,,,,,,,,0.333333333
VS Yeligati,0.333333333,,,,,,,,,,0.333333333
X Thalaivan Sargunam,,,,,,0.333333333,,,,,0.333333333
R Sharma,,,0.777777778,0.275,0.125,0.148148148,,,,,0.331481481
WD Parnell,,,,0.388888889,0.313333333,0.277777778,0.333333333,,,,0.328333333
DJ Jacobs,,,,0.573148148,0.083333333,,,,,,0.328240741
SB Bangar,0.447222222,0.208333333,,,,,,,,,0.327777778
IR Jaggi,,,,0.325,0.296296296,,,,,0.35,0.323765432
RE Levi,,,,,0.319444444,,,,,,0.319444444
A Kumble,0.423611111,0.300925926,0.233333333,,,,,,,,0.319290123
CA Ingram,,,,0.316666667,,,,,,,0.316666667
AA Bilakhia,,0.516104497,0.111111111,,,,,,,,0.313607804
UT Yadav,,,0.25,0.125,0.083333333,0.492063492,0.111111111,0.759259259,0.416666667,0.263888889,0.312665344
AA Chavan,,,,0.166666667,0.458333333,,,,,,0.3125
DE Bollinger,,,0.6875,0,0.25,,,,,,0.3125
DS Lehmann,0.30952381,,,,,,,,,,0.30952381
P Dogra,,,0.347337963,,0.247222222,0.333333333,,,,,0.30929784
UBT Chand,,,,0.0625,0.530952381,0.428910596,0.166666667,0.562460317,0.083333333,,0.305803882
AC Thomas,,,,0.083333333,0.527777778,,,,,,0.305555556
A Chopra,0.246296296,0.361111111,,,,,,,,,0.303703704
DW Steyn,0.125,0,0.270833333,0.486111111,0.322222222,0.589583333,0.355555556,0.407407407,0.166666667,,0.302597737
NS Naik,,,,,,,,,0.3,,0.3
S Sreesanth,0.083333333,0.25,0.944444444,0.055555556,,0.166666667,,,,,0.3
UA Birla,,,,,,0.3,,,,,0.3
T Thushara,,0.208333333,0.388888889,,,,,,,,0.298611111
PJ Sangwan,0.125,0.145833333,0.416666667,,,0.666666667,,,,0.111111111,0.293055556
J Arunkumar,0.292592593,,,,,,,,,,0.292592593
DR Martyn,,,0.291666667,,,,,,,,0.291666667
FH Edwards,,0.291666667,,,,,,,,,0.291666667
SN Thakur,,,,,,,,0.583333333,,0,0.291666667
WA Mota,0.3,0.280092593,,,,,,,,,0.290046296
Joginder Sharma,0.266666667,0.6,,0,,,,,,,0.288888889
MN Samuels,,,,,0.413074946,0.222222222,,,,0.229166667,0.288154612
JJ Bumrah,,,,,,,0.166666667,,0.25,0.444444444,0.287037037
Karanveer Singh,,,,,,,0.166666667,0.407407407,,,0.287037037
Harpreet Singh,,,,0.238095238,0.333333333,,,,,,0.285714286
R McLaren,,,0.33531746,0.391826923,,0.125,,,,,0.284048128
JJ van der Wath,,,,0.282407407,,,,,,,0.282407407
AG Murtaza,,,,0.166666667,0.25,0.416666667,,,,,0.277777778
BB Sran,,,,,,,,,0.277777778,,0.277777778
Mohammad Ashraful,,0.277777778,,,,,,,,,0.277777778
K Rabada,,,,,,,,,,0.273809524,0.273809524
MM Sharma,,,,,,0,0.055555556,0.5,0.402777778,0.396825397,0.271031746
M Rawat,0.234126984,0.37037037,,,,0.208333333,,,,,0.270943563
Imran Tahir,,,,,,,0.5,0.166666667,0.416666667,0,0.270833333
CJ McKay,,,,,0.266666667,,,,,,0.266666667
SL Malinga,,0,0.166666667,0.333333333,0.456018519,0.12962963,0.111111111,0.333333333,,0.583333333,0.264178241
Mohammed Shami,,,,,,0.208333333,0.125,,0.25,0.465277778,0.262152778
L Balaji,0.166666667,0.25,0.333333333,0.333333333,,0.375,0.083333333,,,,0.256944444
R Bishnoi,,0.255555556,,,,,,,,,0.255555556
AG Paunikar,,,0,0.5,,,,,,,0.25
AS Rajpoot,,,,,,0.166666667,,,,0.333333333,0.25
Kamran Khan,,0.25,,,,,,,,,0.25
PSP Handscomb,,,,,,,,,0.25,,0.25
S Tyagi,,,0.25,,,,,,,,0.25
Jaskaran Singh,,,0.25,,,,,,,,0.25
I Sharma,0.25,0.361111111,0.083333333,0.166666667,,,,,,0.37962963,0.248148148
RT Ponting,0.204861111,,,,,0.287222222,,,,,0.246041667
J Theron,,,0.166666667,,0.388888889,,,0.166666667,,,0.240740741
CK Kapugedera,0.238888889,,,,,,,,,,0.238888889
S Gopal,,,,,,,0.458333333,0.166666667,0.083333333,,0.236111111
KW Richardson,,,,,,0.374074074,0.166666667,,0.166666667,,0.235802469
R Shukla,,,,,,0.166666667,0.303703704,,,,0.235185185
BMAJ Mendis,,,,,,0.233333333,,,,,0.233333333
Sandeep Sharma,,,,,,0,0.25,0.240740741,0.208333333,0.458333333,0.231481481
YS Chahal,,,,,,,0.333333333,0.166666667,,0.194444444,0.231481481
TD Paine,,,,0.229166667,,,,,,,0.229166667
A Nehra,0.166666667,0.166666667,0.425,,0.541666667,0.013888889,,0.104166667,0.166666667,,0.226388889
PV Tambe,,,,,,0.222222222,0.208333333,0.25,0.222222222,,0.225694444
SMSM Senanayake,,,,,,0.225,,,,,0.225
CK Langeveldt,,,0,0.444444444,,,,,,,0.222222222
R Ninan,,,,0.222222222,,,,,,,0.222222222
SB Joshi,0.222222222,,,,,,,,,,0.222222222
SK Trivedi,0.138888889,0.194444444,0.5625,0,0.277777778,0.125,,,,,0.216435185
RP Singh,0.342592593,0.15,0.294444444,0.125,0.133333333,,,,,,0.209074074
A Mukund,0,,,,,0.416666667,,,,,0.208333333
SJ Srivastava,,,0.083333333,0.333333333,,,,,,,0.208333333
T Kohli,0.347222222,0.055555556,,,,,,,,,0.201388889
T Henderson,,0.2,,,,,,,,,0.2
AN Ghosh,,0.194444444,,,,,,,,,0.194444444
SW Tait,,,0.3125,0.166666667,,0.083333333,,,,,0.1875
S Kaul,,,,,,0.388888889,0.166666667,,,0,0.185185185
KC Cariappa,,,,,,,,,0.291666667,0.069444444,0.180555556
AB Dinda,0.166666667,0.166666667,0,0,0.25,0.2,0.194444444,,,0.444444444,0.177777778
P Awana,,,,,0.333333333,0.020833333,,,,,0.177083333
CJ Jordan,,,,,,,,,0.333333333,0,0.166666667
D Kalyankrishna,0.166666667,,,,,,,,,,0.166666667
DP Vijaykumar,0.166666667,,,,,,,,,,0.166666667
H Das,0.166666667,,,,,,,,,,0.166666667
KP Appanna,,0.166666667,0.166666667,,,,,,,,0.166666667
LH Ferguson,,,,,,,,,,0.166666667,0.166666667
NJ Rimmington,,,,0.166666667,,,,,,,0.166666667
P Parameswaran,,,,0.166666667,0.166666667,,,,,,0.166666667
PM Sarvesh Kumar,0.166666667,,,,,,,,,,0.166666667
Pankaj Singh,0.25,0.083333333,0.166666667,,,,,,,,0.166666667
SB Wagh,,,,0.166666667,,,,,,,0.166666667
YA Abdulla,,,0.166666667,,,,,,,,0.166666667
Younis Khan,0.166666667,,,,,,,,,,0.166666667
M Muralitharan,0,0.1875,0.083333333,0.388888889,0.166666667,,,,,,0.165277778
S Badree,,,,,,,,,,0.16,0.16
JD Unadkat,,,,,,0.166666667,0.041666667,,,0.25,0.152777778
DP Nannes,,,0.145833333,,,,,,,,0.145833333
PP Ojha,0.166666667,0.083333333,0.138888889,,0.111111111,0.111111111,0.25,,,,0.143518519
A Zampa,,,,,,,,,0,0.277777778,0.138888889
TM Srivastava,0.277777778,0,,,,,,,,,0.138888889
AF Milne,,,,,,,,,,0.12962963,0.12962963
Shoaib Akhtar,0.125,,,,,,,,,,0.125
Swapnil Singh,,,,,,,,,0,0.25,0.125
MM Patel,0,0.352777778,0.25,0,0.125,,,,,0,0.121296296
AD Nath,,,,,,,,,0.236111111,0,0.118055556
A Uniyal,,,0.111111111,,,,,,,,0.111111111
BAW Mendis,,0,0.166666667,,,0.166666667,,,,,0.111111111
RS Gavaskar,,,0.111111111,,,,,,,,0.111111111
S Nadeem,,,,0,0,0.175925926,0.162962963,0.166666667,0.111111111,0.083333333,0.1
A Singh,,0.083333333,,0.041666667,0.166666667,,,,,,0.097222222
A Chandila,,,,,0,0.166666667,,,,,0.083333333
B Laughlin,,,,,,0.083333333,,,,,0.083333333
BE Hendricks,,,,,,,0,0.166666667,,,0.083333333
DJ Muthuswami,,,,,,,,0.083333333,,,0.083333333
M de Lange,,,,,,,0.083333333,,,,0.083333333
SE Bond,,,0.083333333,,,,,,,,0.083333333
Mohammad Asif,0.0625,,,,,,,,,,0.0625
Shoaib Ahmed,,0.055555556,,,,,,,,,0.055555556
S Ladda,,,0.027777778,,,,,,,,0.027777778
Abdur Razzak,0,,,,,,,,,,0
C Nanda,,0,,,,,,,,,0
IC Pandey,,,,,,0,,,,,0
L Ablish,,,,0,,,,,,,0
M Ashwin,,,,,,,,,0,,0
ND Doshi,,,,0,,,,,,,0
RR Bhatkal,,,,,0,,,,,,0
S Kaushik,,,,,,,,,0,,0
Sunny Gupta,,,,,0,,,,,,0
U Kaul,0,,,,,,,,,,0
V Pratap Singh,,,,,0,,,,,,0
