0,1,2,3,4,5,6,7,8
0.00143143429716576,0.0030782761653474055,1.0,0.3762743280815574,0.0,0.0,0.0,0.007662835249042145,0.0
0.005153163469796737,0.00857519788918206,0.8796992481203009,0.2620481927710846,0.0,0.0,0.004073319755600814,0.019157088122605363,0.0
0.000286286859433152,0.0008795074758135445,0.8571428571428572,0.10750695088044497,0.0,0.0,0.002036659877800407,0.0,0.0
0.019753793300887487,0.02726473175021988,0.7591836734693878,0.41658943466172427,0.0,0.0,0.018329938900203666,0.038314176245210725,0.015873015873015872
0.00830231892356141,0.011653474054529465,0.7571428571428571,0.4748223663886302,0.0,0.0,0.008146639511201629,0.011494252873563218,0.0
0.012882908674491841,0.017810026385224276,0.7546583850931677,0.24189063948100117,0.0,0.0,0.01425661914460285,0.022988505747126436,0.015873015873015872
0.000858860578299456,0.0015391380826737027,0.75,0.1881371640407787,0.0,0.0,0.002036659877800407,0.0,0.0
0.0292012596621815,0.03891820580474934,0.7364771151178917,0.43247114331451486,0.0,0.0,0.038696537678207736,0.022988505747126436,0.047619047619047616
0.01574577726882336,0.02088830255057168,0.7270408163265306,0.319161260426321,0.0,0.0,0.016293279022403257,0.03065134099616858,0.015873015873015872
0.01774978528485542,0.02330694810905893,0.7210884353741497,0.5697868396663583,0.0,0.0,0.030549898167006106,0.011494252873563218,0.031746031746031744
0.000572573718866304,0.0010993843447669306,0.7142857142857144,0.13438368860055622,0.0,0.0,0.002036659877800407,0.0,0.0
0.000572573718866304,0.0010993843447669306,0.7142857142857144,0.06719184430027811,0.0,0.0,0.002036659877800407,0.0,0.0
0.019753793300887487,0.02550571679859279,0.7102040816326531,0.2598084646277419,0.0,0.0,0.018329938900203666,0.03065134099616858,0.015873015873015872
0.022044088176352703,0.028144239226033423,0.7032967032967032,0.5733704046957057,0.02564102564102564,0.0,0.024439918533604887,0.03065134099616858,0.015873015873015872
0.09991411394217005,0.12620932277924363,0.7028571428571428,0.6170898980537541,0.07692307692307693,0.0,0.10183299389002036,0.1417624521072797,0.15873015873015872
0.00286286859433152,0.00395778364116095,0.7012987012987014,0.48378127896200235,0.0,0.0,0.004073319755600814,0.0038314176245210726,0.0
0.002004008016032064,0.0028583992963940193,0.6964285714285715,0.11646586345381531,0.0,0.0,0.0,0.0038314176245210726,0.0
0.004008016032064129,0.005277044854881266,0.6857142857142857,0.3225208526413349,0.0,0.0,0.006109979633401222,0.007662835249042145,0.0
0.07844259948468366,0.0965259454705365,0.6841558441558443,0.4213888521117434,0.05128205128205128,0.0,0.06720977596741344,0.08429118773946359,0.07936507936507936
0.22301746349842538,0.27022867194371153,0.6752747252747253,0.6005729210548482,0.15384615384615385,0.0,0.1995926680244399,0.31417624521072796,0.2698412698412698
0.08932150014314343,0.10554089709762533,0.6572341396622546,0.6789912687185987,0.02564102564102564,0.0,0.09368635437881873,0.07662835249042145,0.1111111111111111
0.035213283710277696,0.041116974494283205,0.6463133640552996,0.29564411492122367,0.0,0.0,0.02240325865580448,0.034482758620689655,0.015873015873015872
0.007157171485828799,0.00857519788918206,0.6428571428571429,0.14974182444061976,0.0,0.0,0.010183299389002035,0.007662835249042145,0.0
0.003149155453764672,0.00395778364116095,0.6428571428571429,0.12094531974050059,0.0,0.0,0.006109979633401222,0.0,0.0
0.000286286859433152,0.0006596306068601583,0.6428571428571429,0.08063021316033372,0.0,0.0,0.0,0.0,0.0
0.01002004008016032,0.01187335092348285,0.6428571428571429,0.1814179796107509,0.0,0.0,0.006109979633401222,0.011494252873563218,0.0
0.5244775264815345,0.5998240985048373,0.6378302548515314,0.704997504812148,0.4615384615384615,0.4,0.6924643584521384,0.4022988505747126,0.5555555555555556
0.007443458345261953,0.008795074758135445,0.634920634920635,0.3583565029348157,0.0,0.0,0.010183299389002035,0.0038314176245210726,0.0
0.10878900658459777,0.12401055408970976,0.6344206974128234,0.6316033364226142,0.07692307692307693,0.0,0.09572301425661914,0.11494252873563218,0.15873015873015872
0.006298310907529345,0.007475813544415128,0.6335403726708074,0.4569045412418911,0.0,0.0,0.006109979633401222,0.0038314176245210726,0.015873015873015872
0.07414829659318638,0.08443271767810026,0.632967032967033,0.8600556070435598,0.07692307692307693,0.0,0.06313645621181262,0.08812260536398467,0.07936507936507936
0.003435442313197824,0.004177660510114336,0.6263736263736263,0.2553290083410568,0.0,0.0,0.002036659877800407,0.0038314176245210726,0.0
0.006584597766962496,0.007695690413368514,0.625,0.31356194006796273,0.0,0.0,0.008146639511201629,0.0038314176245210726,0.0
0.009161179501860864,0.010554089709762533,0.6233766233766235,0.25801668211306794,0.0,0.0,0.008146639511201629,0.007662835249042145,0.015873015873015872
0.687374749498998,0.7664907651715039,0.6219816819317235,0.7940026075619295,0.6666666666666666,0.6000000000000001,0.5926680244399185,0.5938697318007663,0.6984126984126984
0.7245920412253077,0.8027704485488127,0.6179756262694651,0.9812696941612614,0.6923076923076923,1.0,0.6232179226069245,1.0,0.7142857142857142
0.01145147437732608,0.012972735268249781,0.6167247386759582,0.5285758418288526,0.0,0.0,0.018329938900203666,0.0038314176245210726,0.015873015873015872
0.055825937589464636,0.06156552330694811,0.6122448979591837,0.3271950678970048,0.0,0.0,0.03462321792260692,0.05747126436781609,0.031746031746031744
0.035213283710277696,0.03891820580474934,0.6117511520737328,0.33979875546140526,0.0,0.0,0.024439918533604887,0.034482758620689655,0.015873015873015872
0.02318923561408531,0.025725593667546176,0.6114982578397213,0.3930722891566269,0.0,0.0,0.02036659877800407,0.022988505747126436,0.031746031746031744
0.07844259948468366,0.08597185576077397,0.6093506493506494,0.750628889183106,0.05128205128205128,0.0,0.09164969450101833,0.06513409961685823,0.1111111111111111
0.10707128542799885,0.11609498680738786,0.6034285714285714,0.5912882298424473,0.02564102564102564,0.0,0.10183299389002036,0.09961685823754789,0.07936507936507936
0.5940452333237904,0.6424802110817942,0.6032204789430224,0.5904799069034946,0.3846153846153846,0.2,0.4928716904276985,0.5708812260536398,0.5714285714285714
0.4789579158316633,0.5175901495162709,0.6026625704045059,0.564891433867337,0.3076923076923077,0.0,0.32382892057026474,0.5632183908045977,0.4126984126984127
0.05496707701116518,0.059586631486367635,0.6017764618800888,0.2427865307383381,0.02564102564102564,0.0,0.07331975560081466,0.04597701149425287,0.06349206349206349
0.05639851130833094,0.06112576956904134,0.6017316017316017,0.622644423849242,0.02564102564102564,0.0,0.09572301425661914,0.022988505747126436,0.07936507936507936
0.012596621815058688,0.013852242744063326,0.6,0.14110287303058403,0.0,0.0,0.004073319755600814,0.022988505747126436,0.0
0.06470083023189235,0.06948109058927002,0.5966016362492134,0.7720953745050132,0.05128205128205128,0.2,0.04480651731160896,0.05747126436781609,0.06349206349206349
0.00858860578299456,0.009454705364995602,0.5944700460829494,0.23113994439295668,0.0,0.0,0.012219959266802444,0.0038314176245210726,0.0
0.830518179215574,0.8825857519788919,0.5927931475829478,0.9463440807765465,1.0,0.6000000000000001,0.8228105906313645,0.6015325670498084,0.9047619047619047
0.11938162038362439,0.1268689533861038,0.5915926179084074,0.9692423540315117,0.1282051282051282,0.4,0.12219959266802442,0.08045977011494253,0.09523809523809523
0.3246492985971944,0.34366754617414247,0.5901825047199497,0.6563803290083418,0.23076923076923075,0.2,0.21995926680244396,0.2950191570881226,0.31746031746031744
0.006584597766962496,0.007255936675461741,0.5892857142857143,0.29564411492122367,0.0,0.0,0.010183299389002035,0.0,0.0
0.01574577726882336,0.01693051890941073,0.5892857142857143,0.22994542271650714,0.0,0.0,0.010183299389002035,0.01532567049808429,0.0
0.06784998568565703,0.07167985927880387,0.5870348139255703,0.417229356988393,0.02564102564102564,0.0,0.05498981670061099,0.05747126436781609,0.06349206349206349
0.026052104208416832,0.02770448548812665,0.5869565217391305,0.3762743280815574,0.0,0.0,0.02036659877800407,0.022988505747126436,0.031746031746031744
0.20354995705697107,0.21437994722955145,0.5868780096308187,0.39111670562848316,0.07692307692307693,0.0,0.12423625254582484,0.20689655172413793,0.1111111111111111
0.0429430289149728,0.045074758135444155,0.5818353831598865,0.5509731232622804,0.02564102564102564,0.0,0.024439918533604887,0.03065134099616858,0.06349206349206349
0.026338391067849982,0.02770448548812665,0.5806451612903225,0.16932344763670082,0.0,0.0,0.02036659877800407,0.019157088122605363,0.0
0.16890924706555968,0.1756816182937555,0.5794053662073967,0.26188431022401076,0.02564102564102564,0.0,0.15478615071283094,0.15708812260536398,0.09523809523809523
0.026624677927283135,0.027924362357080037,0.5790273556231003,0.42666821130676597,0.0,0.0,0.026476578411405292,0.01532567049808429,0.015873015873015872
0.9642141425708559,1.0,0.57855234702964,0.778569446822075,0.8205128205128205,0.2,0.8167006109979633,0.6628352490421455,1.0
0.5576868021757801,0.5778364116094987,0.5778787656673752,0.7207353747801248,0.41025641025641024,0.4,0.5274949083503054,0.4674329501915709,0.5555555555555556
0.07901517320354996,0.08201407211961302,0.5771015987622486,0.3341674389867155,0.02564102564102564,0.0,0.038696537678207736,0.07662835249042145,0.047619047619047616
0.16375608359576294,0.16886543535620052,0.5744203440538519,0.6880444856348479,0.1282051282051282,0.2,0.1731160896130346,0.14559386973180075,0.15873015873015872
0.007443458345261953,0.0079155672823219,0.5714285714285714,0.16126042632066745,0.0,0.0,0.008146639511201629,0.0038314176245210726,0.0
0.01603206412825651,0.016710642040457344,0.5714285714285714,0.18569382424804107,0.0,0.0,0.010183299389002035,0.019157088122605363,0.0
0.000572573718866304,0.0008795074758135445,0.5714285714285714,0.053753475440222485,0.0,0.0,0.0,0.0,0.0
0.002290294875465216,0.002638522427440633,0.5714285714285714,0.3225208526413349,0.0,0.0,0.002036659877800407,0.0,0.0
0.002290294875465216,0.002638522427440633,0.5714285714285714,0.16126042632066745,0.0,0.0,0.0,0.0038314176245210726,0.0
0.000572573718866304,0.0008795074758135445,0.5714285714285714,0.053753475440222485,0.0,0.0,0.002036659877800407,0.0,0.0
0.4448897795591182,0.45492524186455585,0.5702342673403766,0.695099629286377,0.3333333333333333,0.4,0.4887983706720977,0.3524904214559387,0.4126984126984127
0.7669624964214142,0.7827616534740546,0.5692963752665247,0.6690992047803892,0.4358974358974359,0.0,0.5193482688391038,0.5977011494252873,0.7619047619047619
0.08960778700257659,0.09168865435356201,0.5691537761601456,0.5898736646992828,0.10256410256410256,0.0,0.09979633401221995,0.042145593869731796,0.06349206349206349
0.08731749212711136,0.08927000879507477,0.5686274509803921,0.3306653186171261,0.02564102564102564,0.0,0.048879837067209775,0.10727969348659003,0.047619047619047616
0.51588892069854,0.5244063324538258,0.5669122890420728,0.7284206757098324,0.4358974358974359,0.0,0.5071283095723014,0.44827586206896547,0.5555555555555556
0.04151159461780704,0.04243623570800352,0.5665362035225049,0.6484012974976837,0.02564102564102564,0.0,0.04480651731160896,0.019157088122605363,0.047619047619047616
0.04065273403950758,0.04155672823218998,0.5664335664335665,0.5079703429101025,0.02564102564102564,0.0,0.04276985743380855,0.026819923371647507,0.047619047619047616
0.21671915259089605,0.2200967458223395,0.5659630606860158,0.7473226238286472,0.1282051282051282,0.2,0.18737270875763745,0.1532567049808429,0.23809523809523808
0.23990838820498137,0.24340369393139843,0.5654690958624212,0.9297671455050983,0.20512820512820512,0.0,0.25254582484725047,0.16858237547892718,0.2698412698412698
0.02576581734898368,0.026385224274406333,0.5651491365777079,0.46074407520190586,0.02564102564102564,0.0,0.04480651731160896,0.007662835249042145,0.031746031746031744
0.02175780131691955,0.022207563764291997,0.5621521335807051,0.6786376274328089,0.02564102564102564,0.0,0.024439918533604887,0.0038314176245210726,0.015873015873015872
0.007157171485828799,0.007475813544415128,0.5604395604395604,0.15230151374729686,0.0,0.0,0.008146639511201629,0.0038314176245210726,0.0
0.049241339822502145,0.04969217238346526,0.5598678777869529,0.6074142724745141,0.05128205128205128,0.0,0.048879837067209775,0.019157088122605363,0.031746031746031744
0.1955339249928428,0.1963500439753738,0.5595238095238096,0.42106889094840766,0.07692307692307693,0.0,0.1446028513238289,0.1264367816091954,0.15873015873015872
0.0214715144574864,0.021767810026385226,0.5582706766917294,0.1773864689527342,0.0,0.0,0.012219959266802444,0.03065134099616858,0.015873015873015872
0.5473804752361867,0.547273526824978,0.5576133223807035,0.9695101476138668,0.5384615384615384,0.2,0.5580448065173116,0.2950191570881226,0.5873015873015872
0.0930432293157744,0.09322779243623572,0.5574057843996495,0.3798578931109047,0.0,0.0,0.052953156822810585,0.09961685823754789,0.07936507936507936
0.11594617807042656,0.11587510993843449,0.5562983814215341,0.3147564617444136,0.0,0.0,0.07331975560081466,0.08812260536398467,0.09523809523809523
0.13312338963641568,0.13280562884784522,0.5554874310239117,0.5597775718257637,0.10256410256410256,0.0,0.13645621181262726,0.07279693486590037,0.12698412698412698
0.030060120240480957,0.030123131046613898,0.5539083557951483,0.368211306765524,0.0,0.0,0.02240325865580448,0.019157088122605363,0.015873015873015872
0.38133409676495844,0.3766490765171504,0.550744829064409,0.7425782534604924,0.15384615384615385,0.2,0.3075356415478615,0.16475095785440613,0.3968253968253968
0.9370168909247065,0.9250219876868954,0.5507025045815517,0.7390224548268473,0.8461538461538461,0.2,0.7209775967413441,0.6590038314176245,0.9365079365079365
0.16175207557973087,0.15963060686015831,0.5497223624432105,0.7504812148000286,0.15384615384615385,0.2,0.18737270875763745,0.08045977011494253,0.1746031746031746
0.3486973947895791,0.3423482849604222,0.5474041954763857,0.5365010337206805,0.1794871794871795,0.2,0.2668024439918533,0.21839080459770113,0.25396825396825395
0.04523332379043801,0.044635004397537384,0.5471698113207547,0.7794253938832261,0.07692307692307693,0.0,0.018329938900203666,0.04980842911877394,0.047619047619047616
0.8471228170626968,0.8306948109058927,0.547007722007722,0.7100721336124489,0.5641025641025641,0.0,0.7841140529531567,0.4789272030651341,0.8571428571428571
0.21442885771543083,0.2104221635883905,0.5468571428571429,0.6273423901986929,0.07692307692307693,0.0,0.1955193482688391,0.13409961685823754,0.2222222222222222
0.008016032064128256,0.008135444151275286,0.5467980295566502,0.24860982391102898,0.0,0.0,0.012219959266802444,0.0,0.0
0.016604637847122815,0.016490765171503958,0.5447941888619855,0.40315106580166865,0.0,0.0,0.018329938900203666,0.007662835249042145,0.0
0.13684511880904665,0.13368513632365875,0.5439904563077841,0.38907277461494166,0.02564102564102564,0.0,0.10794297352342158,0.08045977011494253,0.09523809523809523
0.032922988834812476,0.03232189973614776,0.5431034482758621,0.4938600556070441,0.0,0.0,0.024439918533604887,0.03065134099616858,0.031746031746031744
1.0,0.9725153913808268,0.5425218742333797,0.8430908577024957,0.8974358974358974,0.8,0.7902240325865579,0.6091954022988505,1.0
0.04065273403950758,0.039797713280562884,0.5424575424575425,0.6949556467628749,0.0,0.0,0.032586558044806514,0.011494252873563218,0.031746031746031744
0.09275694245634125,0.09036939313984169,0.541978021978022,0.736422613531048,0.07692307692307693,0.0,0.07535641547861506,0.042145593869731796,0.07936507936507936
0.5866017749785285,0.5697009674582234,0.5416724738675959,0.60032437442076,0.3076923076923077,0.0,0.41547861507128303,0.5402298850574713,0.5555555555555556
0.6241053535642714,0.6057607739665788,0.5413637256828454,0.718887499212682,0.3846153846153846,0.4,0.5661914460285132,0.47126436781609193,0.6507936507936507
0.36329802462066985,0.35268249780123134,0.5412823397075366,0.673598239110288,0.3333333333333333,0.0,0.35234215885947046,0.2260536398467433,0.3333333333333333
0.054394503292298876,0.052990325417766056,0.5407629020194465,0.5888448900497097,0.05128205128205128,0.0,0.052953156822810585,0.03065134099616858,0.047619047619047616
0.019467506441454334,0.019129287598944594,0.5403726708074534,0.2338276181649678,0.0,0.0,0.01425661914460285,0.01532567049808429,0.015873015873015872
0.03263670197537932,0.031882145998240984,0.5403726708074534,0.48714087117701627,0.02564102564102564,0.0,0.04480651731160896,0.011494252873563218,0.031746031746031744
0.21986830804466073,0.21306068601583114,0.5400334386030096,0.5208711770157558,0.1282051282051282,0.0,0.175152749490835,0.10344827586206896,0.19047619047619047
0.11823647294589178,0.11455584872471417,0.5393374741200828,0.5385684750837666,0.07692307692307693,0.0,0.08146639511201628,0.11494252873563218,0.1111111111111111
0.22129974234182648,0.21350043975373792,0.5376522702104098,0.5799402739161761,0.15384615384615385,0.0,0.15274949083503053,0.14559386973180075,0.23809523809523808
0.07271686229602062,0.07014072119613017,0.5361344537815126,0.5715786221810307,0.02564102564102564,0.0,0.06924643584521384,0.04980842911877394,0.07936507936507936
0.005439450329229888,0.005496921723834653,0.5357142857142857,0.22397281433426028,0.0,0.0,0.002036659877800407,0.0038314176245210726,0.0
0.11565989121099342,0.11125769569041337,0.5354497354497354,0.6181649675625586,0.10256410256410256,0.0,0.07128309572301425,0.08812260536398467,0.09523809523809523
0.08874892642427712,0.08531222515391382,0.5346807533302711,0.49657972549538665,0.05128205128205128,0.0,0.08146639511201628,0.04980842911877394,0.07936507936507936
0.22330375035785854,0.2141600703605981,0.5344796049021402,0.7271650705385638,0.15384615384615385,0.2,0.15274949083503053,0.15708812260536398,0.2222222222222222
0.1145147437732608,0.10993843447669306,0.5343783398646242,0.4199490268767382,0.05128205128205128,0.0,0.09368635437881873,0.05747126436781609,0.09523809523809523
0.26567420555396504,0.25461741424802115,0.5342149777025988,0.6224652455977764,0.20512820512820512,0.0,0.27494908350305497,0.09961685823754789,0.23809523809523808
0.08101918121958201,0.07761653474054529,0.5326961770623743,0.3271547729379045,0.0,0.0,0.0570264765784114,0.06130268199233716,0.047619047619047616
0.29831090752934436,0.284740545294635,0.5321188878235859,0.7566385945118252,0.20512820512820512,0.0,0.2260692464358452,0.14559386973180075,0.31746031746031744
0.09075293444030919,0.08663148636763413,0.5309973045822102,0.4604102026836422,0.02564102564102564,0.0,0.06720977596741344,0.04597701149425287,0.09523809523809523
0.17692527912968792,0.16842568161829377,0.5303484883452574,0.3676353766715209,0.0,0.0,0.12016293279022403,0.1111111111111111,0.14285714285714285
0.03836243916404237,0.036719437115215484,0.5301587301587302,0.8976830398517155,0.02564102564102564,0.0,0.03665987780040733,0.0038314176245210726,0.047619047619047616
0.010592613799026625,0.010334212840809147,0.5300751879699248,0.10526722273710218,0.0,0.0,0.004073319755600814,0.011494252873563218,0.0
0.1872316060692814,0.1774406332453826,0.5280261723009816,0.6777977293790554,0.15384615384615385,0.0,0.16089613034623215,0.12260536398467432,0.19047619047619047
0.10134554823933581,0.09608619173262974,0.5275653923541247,0.7830089589125734,0.10256410256410256,0.0,0.06109979633401221,0.09578544061302681,0.09523809523809523
0.5619811050672774,0.5312225153913809,0.5272039569391912,0.618420936493226,0.358974358974359,0.0,0.41955193482688385,0.30268199233716475,0.5555555555555556
0.6753507014028056,0.6383025505716798,0.5271791767554479,0.582262459712559,0.358974358974359,0.0,0.5824847250509164,0.27203065134099613,0.6507936507936507
0.2510735757228743,0.23724714160070362,0.5266840221282135,1.0,0.3076923076923077,0.2,0.22403258655804478,0.16858237547892718,0.2698412698412698
0.14113942170054392,0.133245382585752,0.5257374204742626,0.3877929299616043,0.0,0.0,0.06924643584521384,0.10727969348659003,0.1111111111111111
0.00858860578299456,0.008355321020228672,0.5253456221198157,0.34043867778807396,0.0,0.0,0.010183299389002035,0.0,0.0
0.011165187517892928,0.01077396657871592,0.5250000000000001,0.219493358047575,0.0,0.0,0.010183299389002035,0.007662835249042145,0.0
0.1691955339249928,0.15941072999120492,0.5248552123552124,0.6495211615693532,0.10256410256410256,0.0,0.12423625254582484,0.09195402298850575,0.14285714285714285
0.3332379043801889,0.3135444151275286,0.5245861434702637,0.6181649675625586,0.20512820512820512,0.2,0.2281059063136456,0.21839080459770113,0.30158730158730157
0.2951617520755797,0.2774846086191733,0.5240863787375415,0.41874620991086775,0.10256410256410256,0.0,0.21181262729124234,0.1839080459770115,0.2222222222222222
0.002290294875465216,0.0024186455584872474,0.5238095238095238,0.14782205746061183,0.0,0.0,0.002036659877800407,0.0,0.0
0.002290294875465216,0.0024186455584872474,0.5238095238095238,0.09854803830707437,0.0,0.0,0.0,0.0038314176245210726,0.0
0.07987403378184942,0.07519788918205805,0.5234693877551021,0.3829935125115852,0.02564102564102564,0.0,0.07535641547861506,0.034482758620689655,0.031746031746031744
0.4675064414543372,0.43821459982409855,0.5227312467214549,0.733771757207966,0.358974358974359,0.0,0.2545824847250509,0.29885057471264365,0.42857142857142855
0.02891497280274835,0.02726473175021988,0.5210084033613446,0.17540607775230482,0.0,0.0,0.016293279022403257,0.03065134099616858,0.0
0.3298024620669911,0.30782761653474056,0.5203816131830009,0.5972608382246937,0.15384615384615385,0.0,0.2545824847250509,0.16475095785440613,0.3333333333333333
0.029773833381047807,0.027924362357080037,0.5183673469387755,0.5688909484090195,0.0,0.0,0.0285132382892057,0.011494252873563218,0.031746031746031744
0.17119954194102488,0.15919085312225154,0.5180062008108753,0.4746038563258653,0.02564102564102564,0.0,0.09164969450101833,0.1111111111111111,0.12698412698412698
0.9825365015745777,0.9085312225153914,0.5158337147850692,0.7606484949280772,0.8974358974358974,0.0,0.9999999999999999,0.21839080459770113,0.9047619047619047
0.071571714858288,0.06640281442392261,0.5156516789982926,0.5072984244670997,0.02564102564102564,0.0,0.05498981670061099,0.04980842911877394,0.047619047619047616
0.10048668766103636,0.09300791556728233,0.5150162337662338,0.5983610555582649,0.05128205128205128,0.0,0.12016293279022403,0.038314176245210725,0.1111111111111111
0.15774405954766674,0.145778364116095,0.514751552795031,0.49497991967871363,0.05128205128205128,0.0,0.12219959266802442,0.07279693486590037,0.12698412698412698
0.3149155453764672,0.2906772207563764,0.5145971195017517,0.5824761846883102,0.1282051282051282,0.0,0.18329938900203666,0.22988505747126436,0.30158730158730157
0.2421986830804466,0.22361477572559368,0.514589306797099,0.5061785603954275,0.07692307692307693,0.0,0.13849287169042768,0.17241379310344826,0.1746031746031746
0.5986258230747209,0.5521108179419525,0.5144086315214422,0.6816918021737289,0.3846153846153846,0.4,0.49083503054989813,0.34099616858237547,0.5555555555555556
0.001145147437732608,0.0013192612137203166,0.5142857142857143,0.16126042632066745,0.0,0.0,0.002036659877800407,0.0,0.0
0.00830231892356141,0.0079155672823219,0.5142857142857143,0.19351251158480096,0.0,0.0,0.002036659877800407,0.007662835249042145,0.0
0.4715144574864013,0.4346965699208443,0.5141296809986131,0.9161260426320671,0.41025641025641024,0.2,0.40733197556008144,0.19923371647509577,0.4444444444444444
0.038648726023475515,0.035839929639401934,0.5136554621848739,0.5476135310472666,0.02564102564102564,0.0,0.030549898167006106,0.01532567049808429,0.047619047619047616
0.04036644718007443,0.03737906772207564,0.5130784708249497,0.26876737720111243,0.0,0.0,0.04684317718940936,0.007662835249042145,0.031746031746031744
0.10020040080160321,0.09234828496042216,0.5128205128205129,0.3641364465305369,0.0,0.0,0.04480651731160896,0.06513409961685823,0.031746031746031744
0.0292012596621815,0.02704485488126649,0.5117891816920943,0.3673154155081852,0.0,0.0,0.018329938900203666,0.01532567049808429,0.031746031746031744
0.007157171485828799,0.00681618293755497,0.510989010989011,0.27772628977448194,0.0,0.0,0.006109979633401222,0.0,0.0
0.08130546807901518,0.0745382585751979,0.5097744360902255,0.3374523735969508,0.02564102564102564,0.0,0.0835030549898167,0.042145593869731796,0.031746031746031744
0.41711995419410247,0.3808267370272648,0.5091122868900647,0.43102323825215333,0.0,0.0,0.2566191446028513,0.21839080459770113,0.2222222222222222
0.43544231319782417,0.3975373790677221,0.5091045616669796,0.6229889974097559,0.28205128205128205,0.2,0.4093686354378818,0.1532567049808429,0.36507936507936506
0.008874892642427712,0.008355321020228672,0.5089285714285715,0.20426320667284545,0.0,0.0,0.008146639511201629,0.007662835249042145,0.0
0.2682507872888634,0.24450307827616535,0.5080718854706061,0.5152919369786831,0.1282051282051282,0.0,0.27494908350305497,0.06896551724137931,0.19047619047619047
0.8600057257371886,0.782981530343008,0.5078678393154267,0.7595878017564756,0.717948717948718,0.0,0.8228105906313645,0.2681992337164751,0.7619047619047619
0.4073862009733753,0.3709322779243624,0.5077247191011236,0.6667802431445228,0.2564102564102564,0.0,0.40122199592668023,0.09961685823754789,0.36507936507936506
0.08874892642427712,0.08091468777484609,0.5071198897565458,0.49453197405004684,0.05128205128205128,0.0,0.06924643584521384,0.06896551724137931,0.09523809523809523
0.08273690237618093,0.07519788918205805,0.5054187192118226,0.19557115532506475,0.0,0.0,0.048879837067209775,0.04980842911877394,0.0
0.20727168622960204,0.18777484608619174,0.5048275862068966,0.5100607558438868,0.10256410256410256,0.0,0.15478615071283094,0.13026819923371646,0.15873015873015872
0.19782421986830803,0.1789797713280563,0.5041288191577209,0.4557846771702189,0.07692307692307693,0.0,0.1690427698574338,0.1264367816091954,0.15873015873015872
0.071571714858288,0.0648636763412489,0.5036994877632328,0.3964318813716408,0.02564102564102564,0.0,0.030549898167006106,0.06896551724137931,0.015873015873015872
0.7446321213856284,0.6721635883905014,0.5035137806083233,0.7824970210512383,0.6666666666666666,0.2,0.6619144602851323,0.22988505747126436,0.6825396825396826
0.5439450329229888,0.48878627968337734,0.5011648004809499,0.6289156626506031,0.2564102564102564,0.2,0.405295315682281,0.24904214559386972,0.4603174603174603
0.12338963641568852,0.11103781882146,0.5009920634920635,0.5901196760285286,0.07692307692307693,0.2,0.12830957230142565,0.07662835249042145,0.07936507936507936
0.28170626968222157,0.25285839929639403,0.5003625815808557,0.37692985826985176,0.02564102564102564,0.0,0.19144602851323828,0.14559386973180075,0.15873015873015872
0.00858860578299456,0.0079155672823219,0.4976958525345623,0.19351251158480096,0.0,0.0,0.006109979633401222,0.0038314176245210726,0.0
0.35614085313484106,0.3168425681618294,0.4960413080895009,0.5958366008412336,0.28205128205128205,0.0,0.31771894093686354,0.10727969348659003,0.36507936507936506
0.09275694245634125,0.0824538258575198,0.49450549450549447,0.40315106580166865,0.02564102564102564,0.0,0.07331975560081466,0.034482758620689655,0.07936507936507936
0.003435442313197824,0.0032981530343007917,0.49450549450549447,0.20157553290083433,0.0,0.0,0.002036659877800407,0.0038314176245210726,0.0
0.16776409962782707,0.14863676341248902,0.4935507422730591,0.4658634538152607,0.05128205128205128,0.0,0.11201629327902239,0.09961685823754789,0.09523809523809523
0.3177784139707987,0.2805628847845207,0.4922206506364922,0.5358549582947179,0.1794871794871795,0.0,0.18940936863543786,0.17241379310344826,0.25396825396825395
0.04866876610363584,0.04309586631486368,0.49122807017543857,0.5267840593141804,0.0,0.0,0.052953156822810585,0.011494252873563218,0.047619047619047616
0.38791869453192096,0.34146877748460863,0.49083438685208597,0.44881262020787654,0.15384615384615385,0.0,0.24847250509164967,0.29885057471264365,0.1746031746031746
0.06727741196679073,0.05936675461741425,0.490314769975787,0.3023632993512515,0.0,0.0,0.04480651731160896,0.022988505747126436,0.0
0.1680503864872602,0.14775725593667546,0.4897959183673469,0.3612233549582951,0.0,0.0,0.1160896130346232,0.07662835249042145,0.09523809523809523
0.5848840538219295,0.5131926121372032,0.4893765725468269,0.8042346902402512,0.358974358974359,0.2,0.6109979633401221,0.1111111111111111,0.5873015873015872
0.41311193816203834,0.3623570800351803,0.4891175306687772,0.5606691615537106,0.1794871794871795,0.0,0.3116089613034623,0.14942528735632182,0.38095238095238093
0.020040080160320637,0.017810026385224276,0.488933601609658,0.43540315106580213,0.0,0.0,0.02240325865580448,0.0,0.015873015873015872
0.2473518465502433,0.2165787159190853,0.4880264244426094,0.5091074356597971,0.07692307692307693,0.0,0.15682281059063136,0.1417624521072797,0.1746031746031746
0.07615230460921843,0.06684256816182937,0.48796147672552165,0.37138764849608213,0.0,0.0,0.04684317718940936,0.06130268199233716,0.031746031746031744
0.13369596335528197,0.11675461741424803,0.48626373626373626,0.648706714971775,0.07692307692307693,0.0,0.07942973523421588,0.06130268199233716,0.09523809523809523
0.5488119095333525,0.4780123131046614,0.4857738715924327,0.7125613146770952,0.28205128205128205,0.0,0.5539714867617107,0.10727969348659003,0.5079365079365079
0.03836243916404237,0.033641160949868076,0.4857142857142857,0.2570088044485638,0.0,0.0,0.0285132382892057,0.01532567049808429,0.0
0.10220440881763526,0.08905013192612138,0.48483639265762174,0.3298508720195451,0.0,0.0,0.06720977596741344,0.06130268199233716,0.047619047619047616
0.006298310907529345,0.005716798592788039,0.484472049689441,0.34939759036144613,0.0,0.0,0.0,0.0038314176245210726,0.0
0.02175780131691955,0.019129287598944594,0.48423005565862715,0.5845690454124195,0.0,0.0,0.01425661914460285,0.007662835249042145,0.031746031746031744
0.04895505296306899,0.04265611257695691,0.48338870431893693,0.3258804448563488,0.0,0.0,0.026476578411405292,0.026819923371647507,0.031746031746031744
0.58946464357286,0.5105540897097626,0.48307905686546465,0.5379981464318807,0.2564102564102564,0.0,0.6130346232179226,0.13409961685823754,0.4603174603174603
0.034354423131978236,0.029903254177660512,0.48170011806375446,0.30460302749459317,0.02564102564102564,0.0,0.02240325865580448,0.026819923371647507,0.015873015873015872
0.10392212997423418,0.08992963940193492,0.4815541601255887,0.3925923474116234,0.02564102564102564,0.0,0.07942973523421588,0.019157088122605363,0.06349206349206349
0.04895505296306899,0.04243623570800352,0.4808970099667774,0.7410300542830651,0.02564102564102564,0.0,0.06109979633401221,0.007662835249042145,0.031746031746031744
0.020898940738620093,0.018249780123131047,0.4806949806949808,0.3717948717948713,0.02564102564102564,0.0,0.02036659877800407,0.01532567049808429,0.015873015873015872
0.057257371886630395,0.04947229551451188,0.4797441364605543,0.43194757050178584,0.0,0.0,0.018329938900203666,0.053639846743295014,0.047619047619047616
0.045519610649871166,0.03935795954265611,0.4794642857142857,0.26727422510555054,0.0,0.0,0.026476578411405292,0.019157088122605363,0.015873015873015872
0.004580589750930432,0.004177660510114336,0.4789915966386555,0.17021933889403779,0.0,0.0,0.002036659877800407,0.007662835249042145,0.0
0.007157171485828799,0.006376429199648198,0.4780219780219781,0.38971269694161303,0.0,0.0,0.006109979633401222,0.0038314176245210726,0.0
0.06069281419982822,0.052110817941952506,0.47686116700201214,0.3746933435097852,0.0,0.0,0.052953156822810585,0.03065134099616858,0.031746031746031744
0.08130546807901518,0.06970096745822339,0.4766917293233083,0.2505860546257429,0.0,0.0,0.03665987780040733,0.053639846743295014,0.031746031746031744
0.01002004008016032,0.008795074758135445,0.4761904761904762,0.3583565029348157,0.0,0.0,0.01425661914460285,0.0,0.0
0.002290294875465216,0.0021987686895338612,0.4761904761904762,0.26876737720111243,0.0,0.0,0.002036659877800407,0.0,0.0
0.0048668766103635835,0.0043975373790677225,0.4761904761904762,0.10750695088044497,0.0,0.0,0.002036659877800407,0.0038314176245210726,0.0
0.02318923561408531,0.020008795074758137,0.475609756097561,0.30572289156626536,0.0,0.0,0.018329938900203666,0.0038314176245210726,0.0
0.020612653879186944,0.017810026385224276,0.47553816046966735,0.19791052321172814,0.0,0.0,0.004073319755600814,0.007662835249042145,0.0
0.040939020898940734,0.03496042216358839,0.47321428571428575,0.2848934198331792,0.0,0.0,0.026476578411405292,0.03065134099616858,0.031746031746031744
0.1334096764958488,0.11323658751099384,0.472621596818599,0.21294646039780438,0.0,0.0,0.09979633401221995,0.05747126436781609,0.0
0.299456054967077,0.25351802990325417,0.4719607040523946,0.6197775718257652,0.23076923076923075,0.0,0.2830957230142566,0.09195402298850575,0.2698412698412698
0.07300314915545376,0.06156552330694811,0.46875,0.3583565029348157,0.02564102564102564,0.0,0.05906313645621181,0.026819923371647507,0.031746031746031744
0.10478099055253363,0.08817062445030784,0.46827559361619314,0.4685900793810685,0.0,0.0,0.048879837067209775,0.06513409961685823,0.07936507936507936
0.00286286859433152,0.002638522427440633,0.4675324675324675,0.10750695088044497,0.0,0.0,0.004073319755600814,0.0,0.0
0.0060120240480961915,0.005277044854881266,0.4675324675324675,0.21501390176088994,0.0,0.0,0.004073319755600814,0.0038314176245210726,0.0
0.01603206412825651,0.01363236587510994,0.4661654135338346,0.5554525795489639,0.0,0.0,0.012219959266802444,0.007662835249042145,0.0
0.21070712854279985,0.17546174142480211,0.46404341926729986,0.549939402580736,0.10256410256410256,0.0,0.19755600814663948,0.08812260536398467,0.09523809523809523
0.0292012596621815,0.024406332453825858,0.4618585298196949,0.745829471733087,0.0,0.0,0.02240325865580448,0.019157088122605363,0.031746031746031744
0.032922988834812476,0.027484608619173265,0.46182266009852224,0.4199490268767382,0.02564102564102564,0.0,0.026476578411405292,0.007662835249042145,0.031746031746031744
0.003435442313197824,0.0030782761653474055,0.46153846153846156,0.1254247760271856,0.0,0.0,0.004073319755600814,0.0,0.0
0.003435442313197824,0.0030782761653474055,0.46153846153846156,0.1881371640407787,0.0,0.0,0.006109979633401222,0.0,0.0
0.029487546521614654,0.024626209322779244,0.46153846153846156,0.15050973123262296,0.0,0.0,0.016293279022403257,0.01532567049808429,0.0
0.026052104208416832,0.021767810026385226,0.4611801242236025,0.33259962928637665,0.0,0.0,0.02036659877800407,0.0038314176245210726,0.015873015873015872
0.007443458345261953,0.006376429199648198,0.4603174603174604,0.1558850787766452,0.0,0.0,0.008146639511201629,0.0,0.0
0.04494703693100486,0.037159190853122255,0.45840867992766726,0.34939759036144613,0.0,0.0,0.038696537678207736,0.022988505747126436,0.047619047619047616
0.19753793300887487,0.16248900615655235,0.4583419474881124,0.6848934198331782,0.10256410256410256,0.0,0.1934826883910387,0.034482758620689655,0.14285714285714285
0.08130546807901518,0.06684256816182937,0.4571428571428572,0.19928117724180036,0.0,0.0,0.04073319755600814,0.034482758620689655,0.0
0.013741769252791296,0.011433597185576077,0.4548104956268222,0.2795180722891569,0.0,0.0,0.010183299389002035,0.0,0.0
0.6555969081019181,0.5336411609498681,0.45401259587204595,0.6866299204916833,0.4358974358974359,0.0,0.5234215885947047,0.16858237547892718,0.5396825396825397
0.004580589750930432,0.00395778364116095,0.45378151260504207,0.16126042632066745,0.0,0.0,0.002036659877800407,0.0038314176245210726,0.0
0.23933581448611507,0.1948109058927001,0.4536610343061956,0.6614663783338486,0.15384615384615385,0.0,0.1710794297352342,0.11877394636015325,0.1746031746031746
0.08817635270541083,0.07189973614775726,0.4535367545076283,0.5492933271547735,0.02564102564102564,0.0,0.05091649694501018,0.034482758620689655,0.047619047619047616
0.13884912682507872,0.11301671064204047,0.45326278659611996,0.3635432417930814,0.0,0.0,0.08961303462321792,0.038314176245210725,0.07936507936507936
0.0048668766103635835,0.004177660510114336,0.4523809523809524,0.5106580166821136,0.0,0.0,0.006109979633401222,0.0,0.0
0.005153163469796737,0.0043975373790677225,0.45112781954887216,0.13438368860055622,0.0,0.0,0.002036659877800407,0.0038314176245210726,0.0
0.09218436873747494,0.07475813544415127,0.45112781954887216,0.1603173828918915,0.0,0.0,0.04480651731160896,0.06513409961685823,0.015873015873015872
0.07729745204695104,0.06266490765171505,0.4507116499736426,0.3829935125115852,0.0,0.0,0.04073319755600814,0.034482758620689655,0.015873015873015872
0.052104208416833664,0.04221635883905013,0.44964871194379397,0.5160333642261359,0.0,0.0,0.05498981670061099,0.011494252873563218,0.031746031746031744
0.018036072144288574,0.01473175021987687,0.4486607142857143,0.20008238080527246,0.0,0.0,0.012219959266802444,0.0038314176245210726,0.0
0.03177784139707987,0.025725593667546176,0.44770408163265313,0.14974182444061976,0.0,0.0,0.012219959266802444,0.011494252873563218,0.0
0.07729745204695104,0.06200527704485488,0.4459673168160253,0.3789620018535685,0.02564102564102564,0.0,0.06924643584521384,0.01532567049808429,0.06349206349206349
0.006870884626395648,0.005716798592788039,0.44571428571428573,0.34939759036144613,0.0,0.0,0.002036659877800407,0.0038314176245210726,0.0
0.0143143429716576,0.011653474054529465,0.4453781512605043,0.2848934198331792,0.0,0.0,0.006109979633401222,0.011494252873563218,0.0
0.030918980818780414,0.02484608619173263,0.4442988204456095,0.21693366874089784,0.0,0.0,0.01425661914460285,0.0038314176245210726,0.0
0.04580589750930432,0.036499560246262094,0.4418811002661935,0.13942307692307707,0.0,0.0,0.032586558044806514,0.011494252873563218,0.0
0.03349556255367878,0.02660510114335972,0.4394673123486683,0.20325532900834128,0.0,0.0,0.024439918533604887,0.007662835249042145,0.0
0.02433438305181792,0.01934916446789798,0.43853820598006654,0.18193483995152201,0.0,0.0,0.018329938900203666,0.0038314176245210726,0.015873015873015872
0.05095906097910105,0.04023746701846966,0.4381484437350359,0.44713118207094066,0.0,0.0,0.04684317718940936,0.0038314176245210726,0.047619047619047616
0.027197251646149438,0.02154793315743184,0.4375,0.4389867160951494,0.0,0.0,0.024439918533604887,0.0,0.015873015873015872
0.3793300887489264,0.29661389621811785,0.43600517129928895,0.6474414140076794,0.1794871794871795,0.0,0.2810590631364562,0.15708812260536398,0.3333333333333333
0.036644718007443455,0.028583992963940194,0.4318936877076412,0.4367469879518077,0.02564102564102564,0.0,0.0285132382892057,0.011494252873563218,0.031746031746031744
0.07357572287432007,0.056948109058927006,0.43023255813953487,0.3164125031594895,0.0,0.0,0.04684317718940936,0.022988505747126436,0.031746031746031744
0.022330375035785853,0.017370272647317504,0.4285714285714286,0.1930238436262534,0.0,0.0,0.010183299389002035,0.0038314176245210726,0.0
0.003149155453764672,0.002638522427440633,0.4285714285714286,0.3225208526413349,0.0,0.0,0.002036659877800407,0.0,0.0
0.000858860578299456,0.0008795074758135445,0.4285714285714286,0.03583565029348156,0.0,0.0,0.0,0.0,0.0
0.0,0.00021987686895338611,0.4285714285714286,0.026876737720111243,0.0,0.0,0.0,0.0,0.0
0.003435442313197824,0.0028583992963940193,0.4285714285714286,0.17469879518072307,0.0,0.0,0.002036659877800407,0.0,0.0
0.0060120240480961915,0.004837291116974495,0.4285714285714286,0.14782205746061183,0.0,0.0,0.002036659877800407,0.0,0.0
0.0,0.00021987686895338611,0.4285714285714286,0.026876737720111243,0.0,0.0,0.0,0.0,0.0
0.000286286859433152,0.00043975373790677223,0.4285714285714286,0.053753475440222485,0.0,0.0,0.0,0.0,0.0
0.012882908674491841,0.010114335971855761,0.4285714285714286,0.09510230270193186,0.0,0.0,0.008146639511201629,0.007662835249042145,0.0
0.0,0.00021987686895338611,0.4285714285714286,0.026876737720111243,0.0,0.0,0.0,0.0,0.0
0.000286286859433152,0.00043975373790677223,0.4285714285714286,0.053753475440222485,0.0,0.0,0.0,0.0,0.0
0.008874892642427712,0.007036059806508356,0.4285714285714286,0.17201112140871197,0.0,0.0,0.006109979633401222,0.0038314176245210726,0.0
0.016604637847122815,0.012972735268249781,0.4285714285714286,0.15857275254865635,0.0,0.0,0.01425661914460285,0.0,0.0
0.001145147437732608,0.0010993843447669306,0.4285714285714286,0.033595922150139054,0.0,0.0,0.0,0.0,0.0
0.001717721156598912,0.0015391380826737027,0.4285714285714286,0.09406858202038935,0.0,0.0,0.002036659877800407,0.0,0.0
0.000286286859433152,0.00043975373790677223,0.4285714285714286,0.053753475440222485,0.0,0.0,0.0,0.0,0.0
0.06212424849699398,0.047713280562884784,0.42660550458715596,0.3888168056842742,0.02564102564102564,0.0,0.04073319755600814,0.019157088122605363,0.031746031746031744
0.026910964786716285,0.020668425681618294,0.42406015037593986,0.10984405850828072,0.0,0.0,0.016293279022403257,0.011494252873563218,0.0
0.045519610649871166,0.03474054529463501,0.4232142857142857,0.12868256241750212,0.0,0.0,0.030549898167006106,0.011494252873563218,0.0
0.04752361866590323,0.03605980650835532,0.42087254063301965,0.4407784986098243,0.0,0.0,0.030549898167006106,0.007662835249042145,0.015873015873015872
0.014886916690523904,0.011433597185576077,0.42048517520215634,0.12705366922234387,0.0,0.0,0.006109979633401222,0.01532567049808429,0.0
0.029773833381047807,0.02264731750219877,0.4204081632653061,0.39547199788163645,0.02564102564102564,0.0,0.026476578411405292,0.011494252873563218,0.015873015873015872
0.014600629831090752,0.011213720316622692,0.4203296703296703,0.19581623196081033,0.0,0.0,0.006109979633401222,0.007662835249042145,0.0
0.02776982536501574,0.021108179419525065,0.4198250728862974,0.23456062010278883,0.0,0.0,0.024439918533604887,0.0,0.0
0.04065273403950758,0.030782761653474055,0.41958041958041964,0.3762743280815574,0.02564102564102564,0.0,0.032586558044806514,0.0,0.031746031746031744
0.013169195533924993,0.010114335971855761,0.4194528875379939,0.176618562160731,0.0,0.0,0.008146639511201629,0.0038314176245210726,0.0
0.038076152304609215,0.02880386983289358,0.41897654584221755,0.35208526413345725,0.0,0.0,0.02240325865580448,0.011494252873563218,0.015873015873015872
0.012024048096192385,0.009234828496042216,0.41860465116279066,0.3762743280815574,0.0,0.0,0.010183299389002035,0.0038314176245210726,0.015873015873015872
0.035213283710277696,0.02660510114335972,0.4182027649769585,0.5420142106889083,0.02564102564102564,0.0,0.030549898167006106,0.0038314176245210726,0.031746031746031744
0.00858860578299456,0.006596306068601583,0.4147465437788019,0.26876737720111243,0.0,0.0,0.008146639511201629,0.0,0.0
0.11508731749212711,0.08575197889182058,0.4147465437788019,0.47645125958378953,0.02564102564102564,0.0,0.10386965376782076,0.01532567049808429,0.06349206349206349
0.031205267678213564,0.02330694810905893,0.412987012987013,0.2589940180301627,0.0,0.0,0.012219959266802444,0.019157088122605363,0.015873015873015872
0.014886916690523904,0.011213720316622692,0.4123989218328841,0.17133920296570918,0.0,0.0,0.012219959266802444,0.0038314176245210726,0.0
0.04466075007157171,0.033201407211961305,0.41219290263876257,0.15609182291295357,0.0,0.0,0.016293279022403257,0.026819923371647507,0.0
0.006584597766962496,0.005057167985927881,0.41071428571428575,0.20605498918751936,0.0,0.0,0.010183299389002035,0.0,0.0
0.08960778700257659,0.06596306068601583,0.40946314831665154,0.40315106580166865,0.02564102564102564,0.0,0.06517311608961303,0.034482758620689655,0.047619047619047616
0.00572573718866304,0.0043975373790677225,0.4081632653061224,0.1791782514674081,0.0,0.0,0.008146639511201629,0.0,0.0
0.01145147437732608,0.00857519788918206,0.4076655052264809,0.08734939759036153,0.0,0.0,0.010183299389002035,0.0,0.0
0.02748353850558259,0.020228671943711522,0.406480117820324,0.27473998558335877,0.0,0.0,0.018329938900203666,0.007662835249042145,0.0
0.005153163469796737,0.00395778364116095,0.40601503759398494,0.24189063948100117,0.0,0.0,0.006109979633401222,0.0,0.0
0.014886916690523904,0.010993843447669306,0.4043126684636119,0.14931520955617342,0.0,0.0,0.010183299389002035,0.0038314176245210726,0.0
0.07014028056112225,0.05079155672823219,0.40243902439024387,0.1724590670373803,0.0,0.0,0.04480651731160896,0.007662835249042145,0.0
0.00429430289149728,0.0032981530343007917,0.4017857142857143,0.40315106580166865,0.0,0.0,0.002036659877800407,0.0,0.0
0.022044088176352703,0.016051011433597186,0.4010989010989011,0.4905004633920302,0.0,0.0,0.018329938900203666,0.0,0.0
0.022044088176352703,0.016051011433597186,0.4010989010989011,0.4905004633920302,0.0,0.0,0.012219959266802444,0.0038314176245210726,0.015873015873015872
0.00830231892356141,0.006156552330694811,0.4,0.15050973123262296,0.0,0.0,0.002036659877800407,0.0038314176245210726,0.0
0.00830231892356141,0.006156552330694811,0.4,0.15050973123262296,0.0,0.0,0.006109979633401222,0.0,0.0
0.038076152304609215,0.027484608619173265,0.39978678038379534,0.47994174500198494,0.0,0.0,0.02240325865580448,0.0038314176245210726,0.015873015873015872
0.07414829659318638,0.052990325417766056,0.3972527472527473,0.4048308619091756,0.02564102564102564,0.0,0.052953156822810585,0.007662835249042145,0.031746031746031744
0.007443458345261953,0.005496921723834653,0.39682539682539686,0.11198640716713,0.0,0.0,0.002036659877800407,0.0038314176245210726,0.0
0.04952762668193529,0.03540017590149516,0.39655172413793105,0.3090824837812793,0.0,0.0,0.018329938900203666,0.026819923371647507,0.031746031746031744
0.010878900658459777,0.0079155672823219,0.39560439560439564,0.24189063948100117,0.0,0.0,0.004073319755600814,0.0038314176245210726,0.0
0.010592613799026625,0.007695690413368514,0.39473684210526316,0.23517145505097337,0.0,0.0,0.006109979633401222,0.0,0.0
0.010306326939593472,0.007475813544415128,0.39382239382239387,0.18276181649675644,0.0,0.0,0.012219959266802444,0.0038314176245210726,0.0
0.019467506441454334,0.013852242744063326,0.391304347826087,0.42330861909175205,0.0,0.0,0.012219959266802444,0.0038314176245210726,0.015873015873015872
0.006298310907529345,0.004617414248021108,0.391304347826087,0.14110287303058403,0.0,0.0,0.002036659877800407,0.0038314176245210726,0.0
0.012882908674491841,0.009234828496042216,0.391304347826087,0.3762743280815574,0.0,0.0,0.006109979633401222,0.0038314176245210726,0.0
0.06813627254509018,0.04793315743183817,0.39091452480573824,0.36619555143651566,0.0,0.0,0.03462321792260692,0.034482758620689655,0.015873015873015872
0.028628685943315198,0.020228671943711522,0.3903818953323904,0.35323712432146087,0.0,0.0,0.02036659877800407,0.01532567049808429,0.015873015873015872
0.0060120240480961915,0.0043975373790677225,0.38961038961038963,0.26876737720111243,0.0,0.0,0.004073319755600814,0.0,0.0
0.062410535356427134,0.04353562005277045,0.38747553816046965,0.19709607661414905,0.0,0.0,0.0285132382892057,0.022988505747126436,0.015873015873015872
0.04008016032064128,0.027924362357080037,0.3860182370820669,0.2844454742045098,0.0,0.0,0.008146639511201629,0.019157088122605363,0.015873015873015872
0.050672774119667904,0.03496042216358839,0.3828250401284109,0.32872317673059054,0.02564102564102564,0.0,0.0285132382892057,0.0038314176245210726,0.031746031746031744
0.028628685943315198,0.01978891820580475,0.3818953323903819,0.15118164967562575,0.0,0.0,0.012219959266802444,0.007662835249042145,0.0
0.10907529344403091,0.07475813544415127,0.38145100972326107,0.1864916494864861,0.0,0.0,0.0570264765784114,0.019157088122605363,0.031746031746031744
0.002290294875465216,0.001759014951627089,0.38095238095238093,0.10750695088044497,0.0,0.0,0.0,0.0038314176245210726,0.0
0.007157171485828799,0.005057167985927881,0.3791208791208791,0.12363299351251171,0.0,0.0,0.002036659877800407,0.0038314176245210726,0.0
0.002004008016032064,0.0015391380826737027,0.375,0.09406858202038935,0.0,0.0,0.002036659877800407,0.0,0.0
0.09218436873747494,0.06156552330694811,0.37151702786377716,0.3583565029348157,0.0,0.0,0.04684317718940936,0.0038314176245210726,0.047619047619047616
0.001717721156598912,0.0013192612137203166,0.3673469387755102,0.08063021316033372,0.0,0.0,0.0,0.0038314176245210726,0.0
0.02175780131691955,0.014511873350923483,0.3673469387755102,0.09336129944880732,0.0,0.0,0.010183299389002035,0.011494252873563218,0.0
0.001717721156598912,0.0013192612137203166,0.3673469387755102,0.16126042632066745,0.0,0.0,0.002036659877800407,0.0,0.0
0.0292012596621815,0.01934916446789798,0.36615811373092927,0.11825764596848948,0.0,0.0,0.012219959266802444,0.019157088122605363,0.0
0.007443458345261953,0.005057167985927881,0.3650793650793651,0.20605498918751936,0.0,0.0,0.0,0.0,0.0
0.005439450329229888,0.003737906772207564,0.3642857142857143,0.11422613531047278,0.0,0.0,0.002036659877800407,0.0,0.0
0.01631835098768966,0.01077396657871592,0.3620689655172414,0.1881371640407787,0.0,0.0,0.002036659877800407,0.011494252873563218,0.0
0.0048668766103635835,0.0032981530343007917,0.3571428571428572,0.10078776645041716,0.0,0.0,0.0,0.0038314176245210726,0.0
0.04008016032064128,0.025725593667546176,0.3556231003039514,0.11646586345381531,0.0,0.0,0.02240325865580448,0.007662835249042145,0.0
0.006298310907529345,0.004177660510114336,0.35403726708074534,0.2553290083410568,0.0,0.0,0.002036659877800407,0.0,0.0
0.006298310907529345,0.004177660510114336,0.35403726708074534,0.1276645041705284,0.0,0.0,0.004073319755600814,0.0,0.0
0.033781849413111936,0.02154793315743184,0.3529411764705882,0.32924003707136273,0.0,0.0,0.018329938900203666,0.0,0.0
0.01574577726882336,0.010114335971855761,0.3520408163265306,0.13736999279167966,0.0,0.0,0.004073319755600814,0.007662835249042145,0.0
0.010592613799026625,0.00681618293755497,0.34962406015037595,0.41658943466172427,0.0,0.0,0.006109979633401222,0.0,0.0
0.01918121958202118,0.012093227792436236,0.3466386554621849,0.4927401915353719,0.0,0.0,0.010183299389002035,0.0038314176245210726,0.015873015873015872
0.007157171485828799,0.004617414248021108,0.3461538461538462,0.1881371640407787,0.0,0.0,0.006109979633401222,0.0,0.0
0.017177211565989118,0.01077396657871592,0.34426229508196726,0.2633920296570902,0.0,0.0,0.018329938900203666,0.0,0.0
0.001145147437732608,0.0008795074758135445,0.34285714285714286,0.053753475440222485,0.0,0.0,0.0,0.0,0.0
0.001145147437732608,0.0008795074758135445,0.34285714285714286,0.053753475440222485,0.0,0.0,0.002036659877800407,0.0,0.0
0.022616661895219006,0.013852242744063326,0.3375,0.14110287303058403,0.0,0.0,0.010183299389002035,0.0038314176245210726,0.0
0.019753793300887487,0.012093227792436236,0.336734693877551,0.13438368860055622,0.0,0.0,0.008146639511201629,0.0038314176245210726,0.0
0.024906956770684222,0.015171503957783642,0.336038961038961,0.26492784324109636,0.0,0.0,0.010183299389002035,0.0,0.0
0.002290294875465216,0.0015391380826737027,0.33333333333333337,0.0627123880135928,0.0,0.0,0.0,0.0038314176245210726,0.0
0.002290294875465216,0.0015391380826737027,0.33333333333333337,0.04703429101019468,0.0,0.0,0.002036659877800407,0.0,0.0
0.003435442313197824,0.0021987686895338612,0.3296703296703297,0.26876737720111243,0.0,0.0,0.0,0.0,0.0
0.007157171485828799,0.0043975373790677225,0.3296703296703297,0.1791782514674081,0.0,0.0,0.0,0.0,0.0
0.003435442313197824,0.0021987686895338612,0.3296703296703297,0.06719184430027811,0.0,0.0,0.002036659877800407,0.0,0.0
0.012024048096192385,0.007255936675461741,0.3289036544850499,0.12670462068052432,0.0,0.0,0.004073319755600814,0.0038314176245210726,0.0
0.016604637847122815,0.009894459102902375,0.3268765133171913,0.07114430572970618,0.0,0.0,0.006109979633401222,0.0038314176245210726,0.0
0.023761809332951613,0.014072119613016711,0.326530612244898,0.21501390176088994,0.0,0.0,0.01425661914460285,0.007662835249042145,0.0
0.028342399083882044,0.016710642040457344,0.32571428571428573,0.29180458096120626,0.0,0.0,0.01425661914460285,0.0,0.0
0.009161179501860864,0.005496921723834653,0.3246753246753247,0.22397281433426028,0.0,0.0,0.008146639511201629,0.0,0.0
0.003149155453764672,0.001978891820580475,0.32142857142857145,0.24189063948100117,0.0,0.0,0.002036659877800407,0.0,0.0
0.000858860578299456,0.0006596306068601583,0.32142857142857145,0.04031510658016686,0.0,0.0,0.0,0.0,0.0
0.000858860578299456,0.0006596306068601583,0.32142857142857145,0.08063021316033372,0.0,0.0,0.0,0.0,0.0
0.003149155453764672,0.001978891820580475,0.32142857142857145,0.04837812789620024,0.0,0.0,0.0,0.0,0.0
0.0214715144574864,0.012313104661389622,0.3157894736842105,0.1881371640407787,0.0,0.0,0.006109979633401222,0.0,0.0
0.007157171485828799,0.004177660510114336,0.31318681318681313,0.5106580166821136,0.0,0.0,0.002036659877800407,0.0,0.0
0.007157171485828799,0.004177660510114336,0.31318681318681313,0.17021933889403779,0.0,0.0,0.002036659877800407,0.0038314176245210726,0.0
0.00286286859433152,0.001759014951627089,0.31168831168831174,0.053753475440222485,0.0,0.0,0.0,0.0,0.0
0.00286286859433152,0.001759014951627089,0.31168831168831174,0.07167130058696312,0.0,0.0,0.0,0.0,0.0
0.00286286859433152,0.001759014951627089,0.31168831168831174,0.07167130058696312,0.0,0.0,0.0,0.0038314176245210726,0.0
0.015173203549957057,0.00857519788918206,0.3095238095238095,0.2620481927710846,0.0,0.0,0.010183299389002035,0.007662835249042145,0.015873015873015872
0.01002004008016032,0.005716798592788039,0.3095238095238095,0.06352683461117194,0.0,0.0,0.002036659877800407,0.0,0.0
0.006870884626395648,0.00395778364116095,0.3085714285714286,0.08063021316033372,0.0,0.0,0.006109979633401222,0.0,0.0
0.014028056112224447,0.0079155672823219,0.3085714285714286,0.07442788907107703,0.0,0.0,0.004073319755600814,0.0038314176245210726,0.0
0.013741769252791296,0.007695690413368514,0.30612244897959184,0.0627123880135928,0.0,0.0,0.008146639511201629,0.0,0.0
0.007729745204695104,0.0043975373790677225,0.30612244897959184,0.13438368860055622,0.0,0.0,0.002036659877800407,0.0,0.0
0.003721729172630976,0.0021987686895338612,0.30612244897959184,0.08958912573370405,0.0,0.0,0.002036659877800407,0.0,0.0
0.00572573718866304,0.0032981530343007917,0.30612244897959184,0.40315106580166865,0.0,0.0,0.008146639511201629,0.0,0.0
0.021185227598053247,0.011653474054529465,0.3028571428571429,0.2374111831943159,0.0,0.0,0.01425661914460285,0.0,0.0
0.004580589750930432,0.002638522427440633,0.3025210084033614,0.08063021316033372,0.0,0.0,0.002036659877800407,0.0,0.0
0.036644718007443455,0.020008795074758137,0.3023255813953489,0.2717536813922356,0.0,0.0,0.01425661914460285,0.007662835249042145,0.0
0.01889493272258803,0.010334212840809147,0.30063965884861416,0.3158016682113071,0.0,0.0,0.010183299389002035,0.0,0.0
0.009161179501860864,0.005057167985927881,0.29870129870129875,0.3090824837812793,0.0,0.0,0.002036659877800407,0.0,0.0
0.003435442313197824,0.001978891820580475,0.2967032967032967,0.08063021316033372,0.0,0.0,0.0,0.0,0.0
0.017177211565989118,0.009234828496042216,0.29508196721311475,0.08063021316033372,0.0,0.0,0.006109979633401222,0.0038314176245210726,0.0
0.00429430289149728,0.0024186455584872474,0.29464285714285715,0.14782205746061183,0.0,0.0,0.0,0.0038314176245210726,0.0
0.006584597766962496,0.003518029903254178,0.2857142857142857,0.14334260117392655,0.0,0.0,0.0,0.0,0.0
0.00830231892356141,0.0043975373790677225,0.2857142857142857,0.05972608382246937,0.0,0.0,0.002036659877800407,0.0,0.0
0.009161179501860864,0.004837291116974495,0.2857142857142857,0.19709607661414905,0.0,0.0,0.0,0.0,0.0
0.000572573718866304,0.00043975373790677223,0.2857142857142857,0.053753475440222485,0.0,0.0,0.0,0.0,0.0
0.01002004008016032,0.005277044854881266,0.2857142857142857,0.053753475440222485,0.0,0.0,0.002036659877800407,0.0,0.0
0.022044088176352703,0.011433597185576077,0.2857142857142857,0.049913941480206406,0.0,0.0,0.004073319755600814,0.0038314176245210726,0.0
0.000572573718866304,0.00043975373790677223,0.2857142857142857,0.026876737720111243,0.0,0.0,0.0,0.0,0.0
0.01774978528485542,0.00901495162708883,0.2789115646258503,0.06482036744262115,0.0,0.0,0.006109979633401222,0.0038314176245210726,0.0
0.003721729172630976,0.001978891820580475,0.2755102040816327,0.12094531974050059,0.0,0.0,0.0,0.0,0.0
0.005153163469796737,0.002638522427440633,0.2706766917293233,0.08063021316033372,0.0,0.0,0.0,0.0,0.0
0.002004008016032064,0.0010993843447669306,0.26785714285714285,0.06719184430027811,0.0,0.0,0.002036659877800407,0.0,0.0
0.002004008016032064,0.0010993843447669306,0.26785714285714285,0.13438368860055622,0.0,0.0,0.0,0.0,0.0
0.001145147437732608,0.0006596306068601583,0.2571428571428572,0.04031510658016686,0.0,0.0,0.0,0.0,0.0
0.001145147437732608,0.0006596306068601583,0.2571428571428572,0.08063021316033372,0.0,0.0,0.0,0.0,0.0
0.005439450329229888,0.002638522427440633,0.2571428571428572,0.10750695088044497,0.0,0.0,0.0,0.0,0.0
0.01603206412825651,0.007475813544415128,0.2556390977443609,0.07615075687364843,0.0,0.0,0.01425661914460285,0.0,0.0
0.004580589750930432,0.0021987686895338612,0.2521008403361345,0.06719184430027811,0.0,0.0,0.0,0.0,0.0
0.004580589750930432,0.0021987686895338612,0.2521008403361345,0.26876737720111243,0.0,0.0,0.0,0.0,0.0
0.003149155453764672,0.0015391380826737027,0.25,0.0627123880135928,0.0,0.0,0.0,0.0,0.0
0.003149155453764672,0.0015391380826737027,0.25,0.03762743280815574,0.0,0.0,0.0,0.0,0.0
0.005153163469796737,0.0024186455584872474,0.24812030075187974,0.14782205746061183,0.0,0.0,0.004073319755600814,0.0,0.0
0.001717721156598912,0.0008795074758135445,0.24489795918367346,0.053753475440222485,0.0,0.0,0.0,0.0,0.0
0.001717721156598912,0.0008795074758135445,0.24489795918367346,0.053753475440222485,0.0,0.0,0.0,0.0,0.0
0.005439450329229888,0.0024186455584872474,0.23571428571428577,0.09854803830707437,0.0,0.0,0.0,0.0038314176245210726,0.0
0.007729745204695104,0.0032981530343007917,0.22959183673469388,0.08063021316033372,0.0,0.0,0.0,0.0,0.0
0.004008016032064129,0.001759014951627089,0.2285714285714286,0.21501390176088994,0.0,0.0,0.0,0.0,0.0
0.014028056112224447,0.005716798592788039,0.22285714285714286,0.043674698795180766,0.0,0.0,0.004073319755600814,0.0,0.0
0.006870884626395648,0.0028583992963940193,0.22285714285714286,0.06987951807228923,0.0,0.0,0.0,0.0,0.0
0.007443458345261953,0.0030782761653474055,0.2222222222222222,0.1254247760271856,0.0,0.0,0.002036659877800407,0.0,0.0
0.008016032064128256,0.0032981530343007917,0.22167487684729065,0.05039388322520858,0.0,0.0,0.0,0.0,0.0
0.00143143429716576,0.0006596306068601583,0.2142857142857143,0.026876737720111243,0.0,0.0,0.0,0.0,0.0
0.003149155453764672,0.0013192612137203166,0.2142857142857143,0.08063021316033372,0.0,0.0,0.0,0.0,0.0
0.000858860578299456,0.00043975373790677223,0.2142857142857143,0.01791782514674081,0.0,0.0,0.0,0.0,0.0
0.000286286859433152,0.00021987686895338611,0.2142857142857143,0.026876737720111243,0.0,0.0,0.0,0.0,0.0
0.00143143429716576,0.0006596306068601583,0.2142857142857143,0.04031510658016686,0.0,0.0,0.0,0.0,0.0
0.000286286859433152,0.00021987686895338611,0.2142857142857143,0.026876737720111243,0.0,0.0,0.0,0.0,0.0
0.003149155453764672,0.0013192612137203166,0.2142857142857143,0.16126042632066745,0.0,0.0,0.0,0.0,0.0
0.00143143429716576,0.0006596306068601583,0.2142857142857143,0.08063021316033372,0.0,0.0,0.0,0.0,0.0
0.000858860578299456,0.00043975373790677223,0.2142857142857143,0.053753475440222485,0.0,0.0,0.0,0.0,0.0
0.000286286859433152,0.00021987686895338611,0.2142857142857143,0.026876737720111243,0.0,0.0,0.0,0.0,0.0
0.004008016032064129,0.0015391380826737027,0.2,0.1881371640407787,0.0,0.0,0.002036659877800407,0.0,0.0
0.003435442313197824,0.0013192612137203166,0.19780219780219782,0.08063021316033372,0.0,0.0,0.002036659877800407,0.0,0.0
0.010878900658459777,0.00395778364116095,0.19780219780219782,0.08063021316033372,0.0,0.0,0.002036659877800407,0.0,0.0
0.002290294875465216,0.0008795074758135445,0.19047619047619047,0.053753475440222485,0.0,0.0,0.0,0.0,0.0
0.001717721156598912,0.0006596306068601583,0.1836734693877551,0.08063021316033372,0.0,0.0,0.0,0.0,0.0
0.001145147437732608,0.00043975373790677223,0.17142857142857143,0.053753475440222485,0.0,0.0,0.0,0.0,0.0
0.003435442313197824,0.0010993843447669306,0.16483516483516486,0.026876737720111243,0.0,0.0,0.0,0.0,0.0
0.002004008016032064,0.0006596306068601583,0.16071428571428573,0.08063021316033372,0.0,0.0,0.0,0.0,0.0
0.00429430289149728,0.0013192612137203166,0.16071428571428573,0.08063021316033372,0.0,0.0,0.0,0.0,0.0
0.020040080160320637,0.005716798592788039,0.1569416498993964,0.043674698795180766,0.0,0.0,0.002036659877800407,0.0,0.0
0.003721729172630976,0.0010993843447669306,0.15306122448979592,0.026876737720111243,0.0,0.0,0.0,0.0,0.0
0.012596621815058688,0.003518029903254178,0.1523809523809524,0.022633042290619975,0.0,0.0,0.0,0.0,0.0
0.008016032064128256,0.0021987686895338612,0.1477832512315271,0.13438368860055622,0.0,0.0,0.0,0.0,0.0
0.000572573718866304,0.00021987686895338611,0.14285714285714285,0.013438368860055621,0.0,0.0,0.0,0.0,0.0
0.000572573718866304,0.00021987686895338611,0.14285714285714285,0.026876737720111243,0.0,0.0,0.0,0.0,0.0
0.000572573718866304,0.00021987686895338611,0.14285714285714285,0.013438368860055621,0.0,0.0,0.0,0.0,0.0
0.003435442313197824,0.0008795074758135445,0.13186813186813187,0.053753475440222485,0.0,0.0,0.0,0.0,0.0
0.002004008016032064,0.00043975373790677223,0.10714285714285715,0.053753475440222485,0.0,0.0,0.0,0.0,0.0
0.002004008016032064,0.00043975373790677223,0.10714285714285715,0.053753475440222485,0.0,0.0,0.0,0.0,0.0
0.002576581734898368,0.00043975373790677223,0.08571428571428572,0.010750695088044498,0.0,0.0,0.0,0.0,0.0
0.003149155453764672,0.00043975373790677223,0.07142857142857142,0.053753475440222485,0.0,0.0,0.0,0.0,0.0
0.00143143429716576,0.00021987686895338611,0.07142857142857142,0.008958912573370404,0.0,0.0,0.0,0.0,0.0
0.000286286859433152,0.0,0.0,0.0,0.0,0.0,0.0,0.0,0.0
0.0,0.0,0.0,0.0,0.0,0.0,0.0,0.0,0.0
0.000286286859433152,0.0,0.0,0.0,0.0,0.0,0.0,0.0,0.0
0.000286286859433152,0.0,0.0,0.0,0.0,0.0,0.0,0.0,0.0
0.0,0.0,0.0,0.0,0.0,0.0,0.0,0.0,0.0
0.003435442313197824,0.0,0.0,0.0,0.0,0.0,0.0,0.0,0.0
0.000286286859433152,0.0,0.0,0.0,0.0,0.0,0.0,0.0,0.0
0.0,0.0,0.0,0.0,0.0,0.0,0.0,0.0,0.0
0.002576581734898368,0.0,0.0,0.0,0.0,0.0,0.0,0.0,0.0
0.0,0.0,0.0,0.0,0.0,0.0,0.0,0.0,0.0
0.0,0.0,0.0,0.0,0.0,0.0,0.0,0.0,0.0
0.0,0.0,0.0,0.0,0.0,0.0,0.0,0.0,0.0
0.0,0.0,0.0,0.0,0.0,0.0,0.0,0.0,0.0
